barcode	sample	count.1	input.1	input.2	input.3	log_fold_change	p	-log10(p)	masked_p (p = 1 if logFC < 0)	-log10(masked_p)	count.normalised (edgeR)	input.normalised (edgeR)	Number	HLA	Protein	Peptide	Well.position	X7	X8	X9	X10	X11	Pepscan.peptide.locations	Count_fraction	Est. frequency	Est. frequency (norm. count)	HLA-Match (Y/N)	Exp. response (%)	Obs. response (Y/N)	...31	HLA-typing
A20B260	AP0901_A9	248	30	32	23	1.48718410905051	1	0	1	0	0.00807524919380578	0.00287736635210964	219	HLA-A03:01	QHD43415_1_orf1	STFNVPMEKLK	A0301-Plate 2	E3	H-STFNVPMEKLK-OH	NA	1293.545	2.58709	Bl. 04-F11	0.007938032136226875	NA	NA	No	NA	NA	NA	HLA 1
A20B263	AP0901_A9	137	19	15	21	1.26335498296908	1	0	1	0	0.004460923949804	0.0018517682180409	222	HLA-A03:01	QHD43415_1_orf1	SVQTFFKLVNK	A0301-Plate 2	E6	H-SVQTFFKLVNK-OH	NA	1310.554	2.621108	Bl. 04-G02	0.0043851225913833945	NA	NA	No	NA	NA	NA	HLA 2
A24B263	AP0901_A9	203	40	31	15	1.18490315526665	1	0	1	0	0.00660998220299425	0.00290286105315971	270	HLA-A03:01	QHD43415_1_orf1	VTNNTFTLK	A0301-Plate 2	M6	H-VTNNTFTLK-OH	NA	1037.176	2.074352	Bl. 05-C02	0.006497663401830869	NA	NA	No	NA	NA	NA	HLA 3
A20B233	AP0901_A9	80	9	17	8	1.16838269636838	1	0	1	0	0.00260491909477606	0.00116035925399155	34	HLA-A03:01	QHD43423_2_N_lc	ATEGALNTPK	A0301-Plate 1	E10	H-ATEGALNTPK-OH	NA	1001.1	2.0022	Bl. 02-C08	0.002560655527815121	NA	NA	No	NA	NA	NA	NA
A20B240	AP0901_A9	99	13	18	12	1.14159918156482	1	0	1	0	0.00322358737978537	0.00146020614474711	125	HLA-A03:01	QHD43415_1_orf1	KTIQPRVEKKK	A0301-Plate 1	E17	H-KTIQPRVEKKK-OH	NA	1354.655	2.70931	Bl. 03-G01	0.003168811215671212	NA	NA	No	NA	NA	NA	PE+ population
A25B260	AP0901_A9	164	24	30	20	1.08862907213381	1	0	1	0	0.00534008414429092	0.00251015786498937	279	HLA-A03:01	QHD43415_1_orf1	YILPSIISNEK	A0301-Plate 2	O3	H-YILPSIISNEK-OH	OK	1276.491	2.552982	Bl. 05-C11	0.005249343832020997	NA	NA	No	NA	NA	NA	%
A24B244	AP0901_A9	34	7	4	5	1.02702558337347	1	0	1	0	0.00110709061527982	5.37143171409546e-4	177	HLA-A03:01	QHD43417_1_ORF3	RIFTIGTVTLK	A0301-Plate 1	M21	H-RIFTIGTVTLK-OH	NA	1248.527	2.497054	Bl. 04-C05	0.0010882785993214263	NA	NA	No	NA	NA	NA	NA
A20B262	AP0901_A9	171	24	33	24	1.01807598440938	1	0	1	0	0.00556801456508382	0.00274927959953832	221	HLA-A03:01	QHD43416_1_S_lc	SVLNDILSR	A0301-Plate 2	E5	H-SVLNDILSR-OH	NA	1016.158	2.032316	Bl. 04-G01	0.00547340119070482	NA	NA	No	NA	NA	NA	NA
A24B267	AP0901_A9	133	31	18	19	0.918423531736116	1	0	1	0	0.0043306779950652	0.00228390436299928	274	HLA-A03:01	QHD43415_1_orf1	VVNARLRAK	A0301-Plate 2	M10	H-VVNARLRAK-OH	NA	1026.246	2.052492	Bl. 05-C06	0.004257089814992638	NA	NA	No	NA	NA	NA	NA
A19B260	AP0901_A9	234	45	39	36	0.910511586425983	1	0	1	0	0.00761938835221997	0.00404939583299344	207	HLA-A03:01	QHD43415_1_orf1	SLREVRTIK	A0301-Plate 2	C3	H-SLREVRTIK-OH	OK	1101.31	2.20262	Bl. 04-E11	0.007489917418859228	NA	NA	No	NA	NA	NA	NA
A22B260	AP0901_A9	70	15	7	14	0.909107033558949	1	0	1	0	0.00227930420792905	0.00120541551854868	243	HLA-A03:01	QHD43419_1_M_lc	TSRTLSYYK	A0301-Plate 2	I3	H-TSRTLSYYK-OH	NA	1118.25	2.2365	Bl. 04-H11	0.0022405735868382304	NA	NA	No	NA	NA	NA	NA
A21B261	AP0901_A9	83	16	12	15	0.895322392561968	1	0	1	0	0.00270260356083016	0.00144754174906252	232	HLA-A03:01	QHD43416_1_S_lc	TLADAGFIK	A0301-Plate 2	G4	H-TLADAGFIK-OH	OK	935.0831	1.8701662	Bl. 04-G12	0.0026566801101081876	NA	NA	No	NA	NA	NA	NA
A20B245	AP0901_A9	113	19	23	17	0.878957429925587	1	0	1	0	0.00367944822137118	0.00199976429108658	130	HLA-A03:01	QHD43416_1_S_lc	KVFRSSVLH	A0301-Plate 1	E22	H-KVFRSSVLH-OH	NA	1072.271	2.144542	Bl. 03-G06	0.003616925933038858	NA	NA	No	NA	NA	NA	NA
A25B259	AP0901_A9	4	1	1	0	0.869451759077964	1	0	1	0	1.30245954738803e-4	6.79700809963722e-5	278	HLA-A03:01	QHD43416_1_S_lc	WIFGTTLDSK	A0301-Plate 2	O2	H-WIFGTTLDSK-OH	NA	1167.322	2.334644	Bl. 05-C10	1.2803277639075603e-4	NA	NA	No	NA	NA	NA	NA
A24B260	AP0901_A9	178	27	33	34	0.86459041539722	1	0	1	0	0.00579594498587673	0.00318147263528676	267	HLA-A03:01	QHD43415_1_orf1	VTHSKGLYR	A0301-Plate 2	M3	H-VTHSKGLYR-OH	NA	1060.216	2.120432	Bl. 05-B11	0.005697458549388644	NA	NA	No	NA	NA	NA	NA
A21B244	AP0901_A9	135	23	22	27	0.853095485905079	1	0	1	0	0.0043958009724346	0.0024295423519051	141	HLA-A03:01	QHD43415_1_orf1	LLNKEMYLK	A0301-Plate 1	G21	H-LLNKEMYLK-OH	NA	1151.431	2.302862	Bl. 03-H05	0.004321106203188016	NA	NA	No	NA	NA	NA	NA
A19B240	AP0901_A9	78	14	14	14	0.836696872686466	1	0	1	0	0.00253979611740666	0.00141898566125749	113	HLA-A03:01	QHD43416_1_S_lc	KQIYKTPPIK	A0301-Plate 1	C17	H-KQIYKTPPIK-OH	NA	1215.497	2.430994	Bl. 03-F01	0.0024966391396197426	NA	NA	No	NA	NA	NA	NA
A22B262	AP0901_A9	26	6	5	3	0.829961354003351	1	0	1	0	8.46598705802219e-4	4.72786071009716e-4	245	HLA-A03:01	QHD43415_1_orf1	TTIAKNTVK	A0301-Plate 2	I5	H-TTIAKNTVK-OH	NA	975.1485	1.950297	Bl. 05-A01	8.322130465399142e-4	NA	NA	No	NA	NA	NA	NA
A20B269	AP0901_A9	193	37	35	35	0.797271991006146	1	0	1	0	0.00628436731614724	0.00361301925921018	228	HLA-A03:01	QHD43415_1_orf1	TIFKDASGK	A0301-Plate 2	E12	H-TIFKDASGK-OH	NA	966.0972	1.9321944	Bl. 04-G08	0.006177581460853979	NA	NA	No	NA	NA	NA	NA
A21B233	AP0901_A9	80	16	14	15	0.775471755483546	1	0	1	0	0.00260491909477606	0.00151792680498882	46	HLA-A03:01	QHD43415_1_orf1	AVVYRGTTTYK	A0301-Plate 1	G10	H-AVVYRGTTTYK-OH	NA	1258.435	2.51687	Bl. 02-D08	0.002560655527815121	NA	NA	No	NA	NA	NA	NA
A23B264	AP0901_A9	183	43	31	31	0.750975861924002	1	0	1	0	0.00595875242930023	0.00353537031489742	259	HLA-A03:01	QHD43415_1_orf1	VLSGHNLAK	A0301-Plate 2	K7	H-VLSGHNLAK-OH	NA	938.0899	1.8761798	Bl. 05-B03	0.005857499519877089	NA	NA	No	NA	NA	NA	NA
A19B261	AP0901_A9	118	25	13	31	0.727519296904421	1	0	1	0	0.00384225566479469	0.00231190885696272	208	HLA-A03:01	QHD43416_1_S_lc	SLSSTASALGK	A0301-Plate 2	C4	H-SLSSTASALGK-OH	OK	1021.131	2.042262	Bl. 04-E12	0.003776966903527303	NA	NA	No	NA	NA	NA	NA
A20B246	AP0901_A9	55	10	12	10	0.722489579195077	1	0	1	0	0.00179088187765854	0.00108394624253879	131	HLA-A03:01	QHD43415_1_orf1	KVKYLYFIK	A0301-Plate 1	E23	H-KVKYLYFIK-OH	NA	1201.513	2.403026	Bl. 03-G07	0.0017604506753728954	NA	NA	No	NA	NA	NA	NA
A24B240	AP0901_A9	191	42	40	30	0.715308432381737	1	0	1	0	0.00621924433877784	0.00378593947586765	173	HLA-A03:01	QHD43415_1_orf1	QVVNVVTTK	A0301-Plate 1	M17	H-QVVNVVTTK-OH	NA	987.1595	1.974319	Bl. 04-C01	0.006113565072658601	NA	NA	No	NA	NA	NA	NA
A21B240	AP0901_A9	107	22	20	21	0.71030272131542	1	0	1	0	0.00348407928926298	0.00212606351695631	137	HLA-A03:01	QHD43417_1_ORF3	LLAVFQSASK	A0301-Plate 1	G17	H-LLAVFQSASK-OH	NA	1063.257	2.126514	Bl. 03-H01	0.003424876768452724	NA	NA	No	NA	NA	NA	NA
A19B263	AP0901_A9	220	35	51	44	0.699928179711237	1	0	1	0	0.00716352751063416	0.004411018939538	210	HLA-A03:01	QHD43415_1_orf1	SMQGAVDINK	A0301-Plate 2	C6	H-SMQGAVDINK-OH	NA	1062.207	2.124414	Bl. 04-F02	0.007041802701491582	NA	NA	No	NA	NA	NA	NA
A23B260	AP0901_A9	72	17	11	16	0.659460471510315	1	0	1	0	0.00234442718529845	0.00147851281179747	255	HLA-A03:01	QHD43415_1_orf1	VLHDIGNPK	A0301-Plate 2	K3	H-VLHDIGNPK-OH	OK	992.1382	1.9842764	Bl. 05-A11	0.0023045899750336087	NA	NA	No	NA	NA	NA	NA
A19B239	AP0901_A9	388	75	88	79	0.624835052156186	1	0	1	0	0.0126338576096639	0.00819275591377414	112	HLA-A03:01	QHD43415_1_orf1	KQIRSAAKK	A0301-Plate 1	C16	H-KQIRSAAKK-OH	NA	1029.246	2.058492	Bl. 03-E12	0.012419179309903335	NA	NA	No	NA	NA	NA	NA
A24B228	AP0901_A9	68	14	11	18	0.609037265346363	1	0	1	0	0.00221418123055965	0.00144695222802756	77	HLA-A03:01	QHD43417_1_ORF3	IFTIGTVTLK	A0301-Plate 1	M5	H-IFTIGTVTLK-OH	NA	1092.339	2.184678	Bl. 03-C01	0.0021765571986428526	NA	NA	No	NA	NA	NA	NA
A20B243	AP0901_A9	172	41	34	34	0.606188049156288	1	0	1	0	0.00560057605376852	0.00367555090571505	128	HLA-A03:01	QHD43415_1_orf1	KVAGFAKFLK	A0301-Plate 1	E20	H-KVAGFAKFLK-OH	NA	1108.387	2.216774	Bl. 03-G04	0.0055054093848025095	NA	NA	No	NA	NA	NA	NA
A19B247	AP0901_A9	80	18	18	15	0.593802334162941	1	0	1	0	0.00260491909477606	0.00172425202290786	120	HLA-A03:01	QHD43423_2_N_lc	KTFPPTEPK	A0301-Plate 1	C24	H-KTFPPTEPK-OH	NA	1044.211	2.088422	Bl. 03-F08	0.002560655527815121	NA	NA	No	NA	NA	NA	NA
A22B238	AP0901_A9	77	13	19	17	0.593221944548793	1	0	1	0	0.00250723462872196	0.00166232886103464	147	HLA-A03:01	QHD43415_1_orf1	LVASIKNFK	A0301-Plate 1	I15	H-LVASIKNFK-OH	NA	1019.247	2.038494	Bl. 03-H11	0.0024646309455220537	NA	NA	No	NA	NA	NA	NA
A19B262	AP0901_A9	134	28	23	35	0.589145994700635	1	0	1	0	0.0043632394837499	0.00289571094635338	209	HLA-A03:01	QHD43415_1_orf1	SLVPGFNEK	A0301-Plate 2	C5	H-SLVPGFNEK-OH	NA	990.1192	1.9802384	Bl. 04-F01	0.004289098009090327	NA	NA	No	NA	NA	NA	NA
A22B264	AP0901_A9	190	36	39	47	0.585216891973198	1	0	1	0	0.00618668285009314	0.00412164427000807	247	HLA-A03:01	QHD43415_1_orf1	TTTIKPVTYK	A0301-Plate 2	I7	H-TTTIKPVTYK-OH	NA	1151.364	2.302728	Bl. 05-A03	0.006081556878560912	NA	NA	No	NA	NA	NA	NA
A24B233	AP0901_A9	84	22	22	11	0.553983955370639	1	0	1	0	0.00273516504951486	0.00186258819623384	82	HLA-A03:01	QHD43423_2_N_lc	ILLNKHIDAYK	A0301-Plate 1	M10	H-ILLNKHIDAYK-OH	NA	1327.585	2.65517	Bl. 03-C06	0.002688688304205877	NA	NA	No	NA	NA	NA	NA
A21B242	AP0901_A9	134	41	22	27	0.527652618507389	1	0	1	0	0.0043632394837499	0.00301953830650313	139	HLA-A03:01	QHD43415_1_orf1	LLKDCPAVAK	A0301-Plate 1	G19	H-LLKDCPAVAK-OH	NA	1057.318	2.114636	Bl. 03-H03	0.004289098009090327	NA	NA	No	NA	NA	NA	NA
A24B269	AP0901_A9	112	26	26	24	0.504878700284161	1	0	1	0	0.00364688673268648	0.00256848700986273	276	HLA-A03:01	QHD43415_1_orf1	VVTTKIALK	A0301-Plate 2	M12	H-VVTTKIALK-OH	NA	972.2316	1.9444632	Bl. 05-C08	0.003584917738941169	NA	NA	No	NA	NA	NA	NA
A19B236	AP0901_A9	104	27	22	22	0.498528198630423	1	0	1	0	0.00338639482320888	0.00239372237571361	109	HLA-A03:01	QHD43415_1_orf1	KMQRMLLEK	A0301-Plate 1	C13	H-KMQRMLLEK-OH	NA	1176.509	2.353018	Bl. 03-E09	0.003328852186159657	NA	NA	No	NA	NA	NA	NA
A19B227	AP0901_A9	64	16	7	21	0.493925409852696	1	0	1	0	0.00208393527582085	0.00147189533523604	16	HLA-A03:01	QHD43415_1_orf1	ALGGSVAIK	A0301-Plate 1	C4	H-ALGGSVAIK-OH	OK	814.9756	1.6299512	Bl. 02-B02	0.0020485244222520965	NA	NA	No	NA	NA	NA	NA
A24B231	AP0901_A9	165	41	37	37	0.468208517813623	1	0	1	0	0.00537264563297562	0.00388128660259912	80	HLA-A03:01	QHD43415_1_orf1	IKTIQPRVEK	A0301-Plate 1	M8	H-IKTIQPRVEK-OH	NA	1211.466	2.422932	Bl. 03-C04	0.005281352026118687	NA	NA	No	NA	NA	NA	NA
A20B266	AP0901_A9	107	28	17	30	0.465081377132809	1	0	1	0	0.00348407928926298	0.00251762559025011	225	HLA-A03:01	QHD43416_1_S_lc	SVYAWNRKR	A0301-Plate 2	E9	H-SVYAWNRKR-OH	NA	1179.342	2.358684	Bl. 04-G05	0.003424876768452724	NA	NA	No	NA	NA	NA	NA
A24B236	AP0901_A9	272	53	69	68	0.460842797330553	1	0	1	0	0.0088567249222386	0.00643574530142975	169	HLA-A03:01	QHD43415_1_orf1	QTFFKLVNK	A0301-Plate 1	M13	H-QTFFKLVNK-OH	NA	1124.344	2.248688	Bl. 04-B09	0.00870622879457141	NA	NA	No	NA	NA	NA	NA
A21B266	AP0901_A9	97	18	21	29	0.458253074938967	1	0	1	0	0.00315846440241597	0.00229723413410558	237	HLA-A03:01	QHD43415_1_orf1	TLQGPPGTGK	A0301-Plate 2	G9	H-TLQGPPGTGK-OH	NA	955.0741	1.9101482	Bl. 04-H05	0.0031047948274758336	NA	NA	No	NA	NA	NA	NA
A30B262	AP0901_A9	71	13	14	23	0.452582660661374	1	0	1	0	0.00231186569661375	0.00168668244720816	291	HLA-A03:01	QHD43416_1_S_lc	ALDPLSETK	A0301-Plate 2	A15	H-ALDPLSETK-OH	NA	973.0861	1.9461722	Bl. 08-B12	0.0022725817809359197	NA	NA	No	NA	NA	NA	NA
A19B269	AP0901_A9	127	34	25	33	0.415531869997663	1	0	1	0	0.00413530906295699	0.00309598924514927	216	HLA-A03:01	QHD43415_1_orf1	SSYIVDSVTVK	A0301-Plate 2	C12	H-SSYIVDSVTVK-OH	NA	1197.346	2.394692	Bl. 04-F08	0.0040650406504065045	NA	NA	No	NA	NA	NA	NA
A20B268	AP0901_A9	176	39	32	57	0.410342325689913	1	0	1	0	0.00573082200850733	0.00430748961001448	227	HLA-A03:01	QHD43415_1_orf1	TEMLAKALRK	A0301-Plate 2	E11	H-TEMLAKALRK-OH	NA	1160.442	2.320884	Bl. 04-G07	0.005633442161193265	NA	NA	No	NA	NA	NA	NA
A23B246	AP0901_A9	60	22	13	9	0.397168167331474	1	0	1	0	0.00195368932108204	0.00147908336923575	167	HLA-A03:01	QHD43417_1_ORF3	QSASKIITLK	A0301-Plate 1	K23	H-QSASKIITLK-OH	NA	1088.308	2.176616	Bl. 04-B07	0.0019204916458613404	NA	NA	No	NA	NA	NA	NA
A18B263	AP0901_A9	71	9	20	23	0.389781709270513	1	0	1	0	0.00231186569661375	0.00176672740285416	198	HLA-A03:01	QHD43417_1_ORF3	SASKIITLKK	A0301-Plate 2	A6	H-SASKIITLKK-OH	NA	1088.351	2.176702	Bl. 04-E02	0.0022725817809359197	NA	NA	No	NA	NA	NA	NA
A20B232	AP0901_A9	75	12	26	17	0.384337916076746	1	0	1	0	0.00244211165135255	0.00187589900374346	33	HLA-A03:01	QHD43415_1_orf1	ATAEAELAK	A0301-Plate 1	E9	H-ATAEAELAK-OH	NA	902.995	1.80599	Bl. 02-C07	0.002400614557326676	NA	NA	No	NA	NA	NA	NA
A18B260	AP0901_A9	126	30	32	31	0.383487149610891	1	0	1	0	0.00410274757427229	0.00314445465342866	195	HLA-A03:01	QHD43415_1_orf1	RVYANLGER	A0301-Plate 2	A3	H-RVYANLGER-OH	NA	1077.203	2.154406	Bl. 04-D11	0.004033032456308815	NA	NA	No	NA	NA	NA	NA
A18B265	AP0901_A9	96	19	28	24	0.376734309468	1	0	1	0	0.00312590291373127	0.00240942919455646	200	HLA-A03:01	QHD43415_1_orf1	SCVLSGHNLAK	A0301-Plate 2	A8	H-SCVLSGHNLAK-OH	NA	1128.313	2.256626	Bl. 04-E04	0.0030727866333781447	NA	NA	No	NA	NA	NA	NA
A19B233	AP0901_A9	46	8	14	12	0.37653477325223	1	0	1	0	0.00149782847949623	0.00115554826772839	22	HLA-A03:01	QHD43416_1_S_lc	ALTGIAVEQDK	A0301-Plate 1	C10	H-ALTGIAVEQDK-OH	NA	1144.285	2.28857	Bl. 02-B08	0.0014723769284936943	NA	NA	No	NA	NA	NA	NA
A23B240	AP0901_A9	106	28	30	21	0.368090243778372	1	0	1	0	0.00345151780057828	0.00267465411478714	161	HLA-A03:01	QHD43423_2_N_lc	QLESKMSGK	A0301-Plate 1	K17	H-QLESKMSGK-OH	NA	1007.171	2.014342	Bl. 04-B01	0.0033928685743550347	NA	NA	No	NA	NA	NA	NA
A18B234	AP0901_A9	214	46	53	61	0.365146672944599	1	0	1	0	0.00696815857852595	0.00540951971913267	11	HLA-A03:01	QHD43416_1_S_lc	AIHVSGTNGTK	A0301-Plate 1	A11	H-AIHVSGTNGTK-OH	NA	1084.193	2.168386	Bl. 02-A09	0.006849753536905448	NA	NA	No	NA	NA	NA	NA
A21B262	AP0901_A9	147	44	29	38	0.35726503794474	1	0	1	0	0.00478653883665101	0.00373146507565848	233	HLA-A03:01	QHD43421_1_ORF7	TLCFTLKRK	A0301-Plate 2	G5	H-TLCFTLKRK-OH	NA	1109.397	2.218794	Bl. 04-H01	0.0047052045323602845	NA	NA	No	NA	NA	NA	NA
A24B239	AP0901_A9	245	59	61	65	0.351709491595883	1	0	1	0	0.00797756472775168	0.00625071228292927	172	HLA-A03:01	QHD43415_1_orf1	QVNGLTSIK	A0301-Plate 1	M16	H-QVNGLTSIK-OH	NA	959.1058	1.9182116	Bl. 04-B12	0.007842007553933807	NA	NA	No	NA	NA	NA	NA
A22B269	AP0901_A9	114	24	29	33	0.351568229130446	1	0	1	0	0.00371200971005588	0.00290898382666962	252	HLA-A03:01	QHD43415_1_orf1	VAYRKVLLRK	A0301-Plate 2	I12	H-VAYRKVLLRK-OH	NA	1245.573	2.491146	Bl. 05-A08	0.003648934127136547	NA	NA	No	NA	NA	NA	NA
A23B242	AP0901_A9	467	117	121	115	0.3496953547795	1	0	1	0	0.0152062152157552	0.011932663919889	163	HLA-A03:01	QHD43423_2_N_lc	QLPQGTTLPK	A0301-Plate 1	K19	H-QLPQGTTLPK-OH	NA	1082.26	2.16452	Bl. 04-B03	0.014947826643620767	NA	NA	No	NA	NA	NA	NA
A24B242	AP0901_A9	165	36	44	45	0.344848366277859	1	0	1	0	0.00537264563297562	0.00423083483449406	175	HLA-A03:01	QHD43419_1_M_lc	RIAGHHLGR	A0301-Plate 1	M19	H-RIAGHHLGR-OH	NA	1016.169	2.032338	Bl. 04-C03	0.005281352026118687	NA	NA	No	NA	NA	NA	NA
A19B265	AP0901_A9	71	20	18	16	0.341346493807699	1	0	1	0	0.00231186569661375	0.00182319316663918	212	HLA-A03:01	QHD43415_1_orf1	SQDLSVVSK	A0301-Plate 2	C8	H-SQDLSVVSK-OH	NA	962.0629	1.9241258	Bl. 04-F04	0.0022725817809359197	NA	NA	No	NA	NA	NA	NA
A21B226	AP0901_A9	123	35	24	35	0.339536580554743	1	0	1	0	0.00400506310821819	0.0031603463455491	39	HLA-A03:01	QHD43415_1_orf1	AVAKHDFFK	A0301-Plate 1	G3	H-AVAKHDFFK-OH	OK	1062.232	2.124464	Bl. 02-D01	0.003937007874015748	NA	NA	No	NA	NA	NA	NA
A19B266	AP0901_A9	123	36	27	32	0.322770741840659	1	0	1	0	0.00400506310821819	0.00319854336947713	213	HLA-A03:01	QHD43416_1_S_lc	SQILPDPSK	A0301-Plate 2	C9	H-SQILPDPSK-OH	NA	984.1124	1.9682248	Bl. 04-F05	0.003937007874015748	NA	NA	No	NA	NA	NA	NA
A21B238	AP0901_A9	56	10	23	10	0.316153632910193	1	0	1	0	0.00182344336634324	0.00147106405013342	135	HLA-A03:01	QHD43423_2_N_lc	LIRQGTDYK	A0301-Plate 1	G15	H-LIRQGTDYK-OH	OK	1093.243	2.186486	Bl. 03-G11	0.0017924588694705845	NA	NA	No	NA	NA	NA	NA
A21B225	AP0901_A9	95	24	20	30	0.309893812054857	1	0	1	0	0.00309334142504657	0.00249209296200666	38	HLA-A03:01	QHD43415_1_orf1	ATYKPNTWCIR	A0301-Plate 1	G2	H-ATYKPNTWCIR-OH	NA	1352.575	2.70515	Bl. 02-C12	0.003040778439280456	NA	NA	No	NA	NA	NA	NA
A23B268	AP0901_A9	168	48	44	39	0.305938953619104	1	0	1	0	0.00547033009902972	0.00442384924490348	263	HLA-A03:01	QHD43419_1_M_lc	VPLHGTILTR	A0301-Plate 2	K11	H-VPLHGTILTR-OH	NA	1106.329	2.212658	Bl. 05-B07	0.005377376608411754	NA	NA	No	NA	NA	NA	NA
A24B246	AP0901_A9	75	25	15	19	0.297862088850866	1	0	1	0	0.00244211165135255	0.00198166146091049	179	HLA-A03:01	QHD43415_1_orf1	RIMASLVLARK	A0301-Plate 1	M23	H-RIMASLVLARK-OH	NA	1257.605	2.51521	Bl. 04-C07	0.002400614557326676	NA	NA	No	NA	NA	NA	NA
A18B233	AP0901_A9	60	11	15	21	0.297239816876875	1	0	1	0	0.00195368932108204	0.00158954779377511	10	HLA-A03:01	QHD43415_1_orf1	AIDAYPLTK	A0301-Plate 1	A10	H-AIDAYPLTK-OH	NA	991.1472	1.9822944	Bl. 02-A08	0.0019204916458613404	NA	NA	No	NA	NA	NA	NA
A22B236	AP0901_A9	218	58	63	50	0.294753353488514	1	0	1	0	0.00709840453326476	0.00578752922084919	145	HLA-A03:01	QHD43415_1_orf1	LTAVVIPTK	A0301-Plate 1	I13	H-LTAVVIPTK-OH	NA	941.1741	1.8823482	Bl. 03-H09	0.006977786313296204	NA	NA	No	NA	NA	NA	NA
A23B244	AP0901_A9	43	12	6	16	0.290918850712475	1	0	1	0	0.00140014401344213	0.00113866240681561	165	HLA-A03:01	QHD43423_2_N_lc	QQGQTVTKK	A0301-Plate 1	K21	H-QQGQTVTKK-OH	NA	1017.146	2.034292	Bl. 04-B05	0.0013763523462006274	NA	NA	No	NA	NA	NA	NA
A21B228	AP0901_A9	109	30	27	29	0.289683535829865	1	0	1	0	0.00354920226663238	0.00290171993828316	41	HLA-A03:01	QHD43415_1_orf1	AVFDKNLYDK	A0301-Plate 1	G5	H-AVFDKNLYDK-OH	NA	1212.363	2.424726	Bl. 02-D03	0.003488893156648102	NA	NA	No	NA	NA	NA	NA
A18B245	AP0901_A9	66	20	22	10	0.286490890655857	1	0	1	0	0.00214905825319025	0.00176364705250251	106	HLA-A03:01	QHD43415_1_orf1	KLTDNVYIK	A0301-Plate 1	A22	H-KLTDNVYIK-OH	NA	1093.282	2.186564	Bl. 03-E06	0.0021125408104474747	NA	NA	No	NA	NA	NA	NA
A20B236	AP0901_A9	261	72	58	77	0.284950280297929	1	0	1	0	0.00849854854670689	0.00697187534045027	121	HLA-A03:01	QHD43423_2_N_lc	KTFPPTEPKK	A0301-Plate 1	E13	H-KTFPPTEPKK-OH	NA	1172.385	2.34477	Bl. 03-F09	0.008354138659496831	NA	NA	No	NA	NA	NA	NA
A22B261	AP0901_A9	53	18	13	11	0.283946307040841	1	0	1	0	0.00172575890028914	0.00141474523243261	244	HLA-A03:01	QHD43416_1_S_lc	TTEILPVSMTK	A0301-Plate 2	I4	H-TTEILPVSMTK-OH	NA	1219.46	2.43892	Bl. 04-H12	0.0016964342871775174	NA	NA	No	NA	NA	NA	NA
A24B230	AP0901_A9	92	26	23	24	0.28144765442052	1	0	1	0	0.00299565695899247	0.00246290942597328	79	HLA-A03:01	QHD43415_1_orf1	IINNTVYTK	A0301-Plate 1	M7	H-IINNTVYTK-OH	NA	1065.23	2.13046	Bl. 03-C03	0.0029447538569873886	NA	NA	No	NA	NA	NA	NA
A18B269	AP0901_A9	106	31	30	23	0.281320493284912	1	0	1	0	0.00345151780057828	0.00283975884921657	204	HLA-A03:01	QHD43415_1_orf1	SLAIDAYPLTK	A0301-Plate 2	A12	H-SLAIDAYPLTK-OH	NA	1191.385	2.38277	Bl. 04-E08	0.0033928685743550347	NA	NA	No	NA	NA	NA	NA
A24B232	AP0901_A9	61	17	15	17	0.263602412498684	1	0	1	0	0.00198625080976674	0.00165266896131494	81	HLA-A03:01	QHD43415_1_orf1	ILKPANNSLK	A0301-Plate 1	M9	H-ILKPANNSLK-OH	NA	1097.318	2.194636	Bl. 03-C05	0.0019524998399590295	NA	NA	No	NA	NA	NA	NA
A24B243	AP0901_A9	132	35	35	36	0.263100403857505	1	0	1	0	0.0042981165063805	0.00358085019080861	176	HLA-A03:01	QHD43415_1_orf1	RIDKVLNEK	A0301-Plate 1	M20	H-RIDKVLNEK-OH	NA	1114.306	2.228612	Bl. 04-C04	0.0042250816208949495	NA	NA	No	NA	NA	NA	NA
A19B224	AP0901_A9	148	45	38	36	0.262971296623651	1	0	1	0	0.00481910032533571	0.00401420330503029	13	HLA-A03:01	QHD43415_1_orf1	AIVSTIQRKYK	A0301-Plate 1	C1	H-AIVSTIQRKYK-OH	NA	1306.567	2.613134	Bl. 02-A11	0.004737212726457973	NA	NA	No	NA	NA	NA	NA
A20B258	AP0901_A9	5	0	1	3	0.255226808775266	1	0	1	0	1.62807443423504e-4	1.3535064095778e-4	217	HLA-A03:01	QHD43415_1_orf1	SSYSLFDMSK	A0301-Plate 2	E1	H-SSYSLFDMSK-OH	NA	1164.296	2.328592	Bl. 04-F09	1.6004097048844505e-4	NA	NA	No	NA	NA	NA	NA
A24B224	AP0901_A9	153	46	36	42	0.253211407123345	1	0	1	0	0.00498190776875921	0.00417691202812648	73	HLA-A03:01	QHD43417_1_ORF3	HVTFFIYNK	A0301-Plate 1	M1	H-HVTFFIYNK-OH	NA	1168.356	2.336712	Bl. 03-B09	0.004897253696946418	NA	NA	No	NA	NA	NA	NA
A18B261	AP0901_A9	81	23	18	25	0.245261511298674	1	0	1	0	0.00263748058346076	0.00222200016472275	196	HLA-A03:01	QHD43415_1_orf1	RYMSALNHTK	A0301-Plate 2	A4	H-RYMSALNHTK-OH	NA	1220.413	2.440826	Bl. 04-D12	0.0025926637219128097	NA	NA	No	NA	NA	NA	NA
A20B229	AP0901_A9	102	33	28	22	0.244854083125413	1	0	1	0	0.00332127184583947	0.00280154286169184	30	HLA-A03:01	QHD43416_1_S_lc	ASANLAATK	A0301-Plate 1	E6	H-ASANLAATK-OH	NA	845.9461	1.6918922	Bl. 02-C04	0.0032648357979642786	NA	NA	No	NA	NA	NA	NA
A21B227	AP0901_A9	97	22	24	33	0.243162269325861	1	0	1	0	0.00315846440241597	0.00266746608078743	40	HLA-A03:01	QHD43415_1_orf1	AVDAAKAYK	A0301-Plate 1	G4	H-AVDAAKAYK-OH	NA	936.0708	1.8721416	Bl. 02-D02	0.0031047948274758336	NA	NA	No	NA	NA	NA	NA
A24B241	AP0901_A9	58	11	23	13	0.240645604272503	1	0	1	0	0.00188856634371264	0.00160399971616128	174	HLA-A03:01	QHD43416_1_S_lc	RASANLAATK	A0301-Plate 1	M18	H-RASANLAATK-OH	NA	1002.134	2.004268	Bl. 04-C02	0.0018564752576659626	NA	NA	No	NA	NA	NA	NA
A24B227	AP0901_A9	111	38	23	30	0.239436968070131	1	0	1	0	0.00361432524400178	0.00305655628836123	76	HLA-A03:01	QHD43416_1_S_lc	IANQFNSAIGK	A0301-Plate 1	M4	H-IANQFNSAIGK-OH	NA	1162.306	2.324612	Bl. 03-B12	0.0035529095448434797	NA	NA	No	NA	NA	NA	NA
A18B240	AP0901_A9	224	55	71	57	0.233981178830077	1	0	1	0	0.00729377346537296	0.00620443904910885	101	HLA-A03:01	QHD43415_1_orf1	KLKKSLNVAK	A0301-Plate 1	A17	H-KLKKSLNVAK-OH	NA	1128.419	2.256838	Bl. 03-E01	0.007169835477882338	NA	NA	No	NA	NA	NA	NA
A20B235	AP0901_A9	153	50	32	44	0.232981935299539	1	0	1	0	0.00498190776875921	0.00423402420373654	36	HLA-A03:01	QHD43415_1_orf1	ATVQSKMSDVK	A0301-Plate 1	E12	H-ATVQSKMSDVK-OH	NA	1193.382	2.386764	Bl. 02-C10	0.004897253696946418	NA	NA	No	NA	NA	NA	NA
A20B227	AP0901_A9	136	40	36	36	0.227906453893786	1	0	1	0	0.0044283624611193	0.00377993048393787	28	HLA-A03:01	QHD43415_1_orf1	AQNSVRVLQK	A0301-Plate 1	E4	H-AQNSVRVLQK-OH	NA	1142.319	2.284638	Bl. 02-C02	0.004353114397285705	NA	NA	No	NA	NA	NA	NA
A23B236	AP0901_A9	435	121	103	135	0.227148642631082	1	0	1	0	0.0141642475778448	0.0120980293819828	157	HLA-A03:01	QHD43416_1_S_lc	NSASFSTFK	A0301-Plate 1	K13	H-NSASFSTFK-OH	NA	988.0598	1.9761196	Bl. 04-A09	0.013923564432494718	NA	NA	No	NA	NA	NA	NA
A18B238	AP0901_A9	416	91	137	114	0.222955229492891	1	0	1	0	0.0135455792928355	0.0116101419507707	99	HLA-A03:01	QHD43415_1_orf1	KLFDRYFK	A0301-Plate 1	A15	H-KLFDRYFK-OH	NA	1116.323	2.232646	Bl. 03-D11	0.013315408744638628	NA	NA	No	NA	NA	NA	NA
A21B237	AP0901_A9	179	44	52	52	0.219083011636854	1	0	1	0	0.00582850647456143	0.00500829774611918	134	HLA-A03:01	QHD43415_1_orf1	LAVFDKNLYDK	A0301-Plate 1	G14	H-LAVFDKNLYDK-OH	NA	1325.522	2.651044	Bl. 03-G10	0.005729466743486332	NA	NA	No	NA	NA	NA	NA
A21B260	AP0901_A9	105	35	32	20	0.217223646399702	1	0	1	0	0.00341895631189358	0.00294109600428113	231	HLA-A03:01	QHI42199_1_ORF1	TIYSLLLCR	A0301-Plate 2	G3	H-TIYSLLLCR-OH	OK	1081.34	2.16268	Bl. 04-G11	0.003360860380257346	NA	NA	No	NA	NA	NA	NA
A19B231	AP0901_A9	96	28	29	23	0.208262654788561	1	0	1	0	0.00312590291373127	0.00270623366215375	20	HLA-A03:01	QHD43415_1_orf1	ALNHTKKWK	A0301-Plate 1	C8	H-ALNHTKKWK-OH	NA	1125.334	2.250668	Bl. 02-B06	0.0030727866333781447	NA	NA	No	NA	NA	NA	NA
A19B264	AP0901_A9	180	41	57	52	0.205419590546946	1	0	1	0	0.00586106796324613	0.00508592772683525	211	HLA-A03:01	QHD43415_1_orf1	SMQNCVLKLK	A0301-Plate 2	C7	H-SMQNCVLKLK-OH	NA	1163.466	2.326932	Bl. 04-F03	0.005761474937584022	NA	NA	No	NA	NA	NA	NA
A20B267	AP0901_A9	131	34	30	46	0.201848719366486	1	0	1	0	0.0042655550176958	0.00370597037460841	226	HLA-A03:01	QHD43416_1_S_lc	TEILPVSMTK	A0301-Plate 2	E10	H-TEILPVSMTK-OH	NA	1118.355	2.23671	Bl. 04-G06	0.00419307342679726	NA	NA	No	NA	NA	NA	NA
A20B261	AP0901_A9	59	26	10	14	0.194614961400591	1	0	1	0	0.00192112783239734	0.00167154618580358	220	HLA-A03:01	QHD43415_1_orf1	STLQGPPGTGK	A0301-Plate 2	E4	H-STLQGPPGTGK-OH	NA	1042.152	2.084304	Bl. 04-F12	0.0018884834517636515	NA	NA	No	NA	NA	NA	NA
A20B230	AP0901_A9	25	7	9	5	0.193968145180528	1	0	1	0	8.14037217117518e-4	7.13105811225288e-4	31	HLA-A03:01	QHD43417_1_ORF3	ASKIITLKK	A0301-Plate 1	E7	H-ASKIITLKK-OH	NA	1001.273	2.002546	Bl. 02-C05	8.002048524422252e-4	NA	NA	No	NA	NA	NA	NA
A24B268	AP0901_A9	169	55	40	48	0.192213364560346	1	0	1	0	0.00550289158771442	0.00481299634326735	275	HLA-A03:01	QHD43415_1_orf1	VVNAANVYLK	A0301-Plate 2	M11	H-VVNAANVYLK-OH	NA	1090.283	2.180566	Bl. 05-C07	0.005409384802509442	NA	NA	No	NA	NA	NA	NA
A24B225	AP0901_A9	276	87	79	67	0.191605444447797	1	0	1	0	0.0089869708769774	0.00786872134652597	74	HLA-A03:01	QHD43416_1_S_lc	HVTYVPAQEK	A0301-Plate 1	M2	H-HVTYVPAQEK-OH	NA	1171.313	2.342626	Bl. 03-B10	0.008834261570962166	NA	NA	No	NA	NA	NA	NA
A21B243	AP0901_A9	105	24	38	27	0.178541144448682	1	0	1	0	0.00341895631189358	0.00302540035234869	140	HLA-A03:01	QHD43415_1_orf1	LLMPLKAPK	A0301-Plate 1	G20	H-LLMPLKAPK-OH	NA	1010.348	2.020696	Bl. 03-H04	0.003360860380257346	NA	NA	No	NA	NA	NA	NA
A19B242	AP0901_A9	122	33	36	35	0.175881988547208	1	0	1	0	0.00397250161953349	0.00351710157504043	115	HLA-A03:01	QHD43416_1_S_lc	KSNLKPFER	A0301-Plate 1	C19	H-KSNLKPFER-OH	NA	1118.296	2.236592	Bl. 03-F03	0.003904999679918059	NA	NA	No	NA	NA	NA	NA
A21B268	AP0901_A9	116	38	35	26	0.175120208895122	1	0	1	0	0.00377713268742528	0.00334532247325951	239	HLA-A03:01	QHD43415_1_orf1	TMLFTMLRK	A0301-Plate 2	G11	H-TMLFTMLRK-OH	NA	1140.475	2.28095	Bl. 04-H07	0.003712950515331925	NA	NA	No	NA	NA	NA	NA
A20B241	AP0901_A9	260	72	74	76	0.174488790748286	1	0	1	0	0.00846598705802219	0.00750156975019576	126	HLA-A03:01	QHD43415_1_orf1	KTQFNYYKK	A0301-Plate 1	E18	H-KTQFNYYKK-OH	NA	1219.401	2.438802	Bl. 03-G02	0.008322130465399142	NA	NA	No	NA	NA	NA	NA
A19B238	AP0901_A9	84	21	23	28	0.168981463777679	1	0	1	0	0.00273516504951486	0.00243256581146667	111	HLA-A03:01	QHD43415_1_orf1	KPVLDWLEEK	A0301-Plate 1	C15	H-KPVLDWLEEK-OH	NA	1256.46	2.51292	Bl. 03-E11	0.002688688304205877	NA	NA	No	NA	NA	NA	NA
A21B234	AP0901_A9	123	41	26	39	0.167650685057005	1	0	1	0	0.00400506310821819	0.00356094087033425	47	HLA-A03:01	QHD43423_2_N_lc	AYKTFPPTEPK	A0301-Plate 1	G11	H-AYKTFPPTEPK-OH	NA	1278.466	2.556932	Bl. 02-D09	0.003937007874015748	NA	NA	No	NA	NA	NA	NA
A20B228	AP0901_A9	91	26	28	24	0.167611849795587	1	0	1	0	0.00296309547030777	0.00263887206578903	29	HLA-A03:01	QHD43423_2_N_lc	ASAFFGMSR	A0301-Plate 1	E5	H-ASAFFGMSR-OH	NA	973.1154	1.9462308	Bl. 02-C03	0.0029127456628896997	NA	NA	No	NA	NA	NA	NA
A23B225	AP0901_A9	170	41	49	56	0.165012663272942	1	0	1	0	0.00553545307639912	0.00493793165378957	62	HLA-A03:01	QHD43421_1_ORF7	GTYEGNSPFH	A0301-Plate 1	K2	H-GTYEGNSPFH-OH	NA	1108.127	2.216254	Bl. 03-A10	0.005441392996607132	NA	NA	No	NA	NA	NA	NA
A25B225	AP0901_A9	87	29	21	25	0.16468243278188	1	0	1	0	0.00283284951556896	0.00252424306681154	86	HLA-A03:01	QHD43415_1_orf1	IQITISSFK	A0301-Plate 1	O2	H-IQITISSFK-OH	NA	1036.232	2.072464	Bl. 03-C10	0.0027847128864989436	NA	NA	No	NA	NA	NA	NA
A22B225	AP0901_A9	130	39	35	38	0.163290720797668	1	0	1	0	0.00423299352901109	0.00377873247827126	50	HLA-A03:01	QHD43423_2_N_lc	FTALTQHGK	A0301-Plate 1	I2	H-FTALTQHGK-OH	NA	1002.133	2.004266	Bl. 02-D12	0.004161065232699571	NA	NA	No	NA	NA	NA	NA
A21B263	AP0901_A9	109	34	27	34	0.148403369042459	1	0	1	0	0.00354920226663238	0.00319976033874044	234	HLA-A03:01	QHD43415_1_orf1	TLKGGAPTK	A0301-Plate 2	G6	H-TLKGGAPTK-OH	NA	872.0276	1.7440552	Bl. 04-H02	0.003488893156648102	NA	NA	No	NA	NA	NA	NA
A23B269	AP0901_A9	107	48	22	24	0.142925130861194	1	0	1	0	0.00348407928926298	0.00314882306474106	264	HLA-A03:01	QHD43415_1_orf1	VQTFFKLVNK	A0301-Plate 2	K12	H-VQTFFKLVNK-OH	NA	1223.476	2.446952	Bl. 05-B08	0.003424876768452724	NA	NA	No	NA	NA	NA	NA
A24B245	AP0901_A9	77	27	21	20	0.12851943740629	1	0	1	0	0.00250723462872196	0.0022917577724207	178	HLA-A03:01	QHD43415_1_orf1	RIMASLVLAR	A0301-Plate 1	M22	H-RIMASLVLAR-OH	NA	1129.431	2.258862	Bl. 04-C06	0.0024646309455220537	NA	NA	No	NA	NA	NA	NA
A18B236	AP0901_A9	324	98	98	91	0.121362787189971	1	0	1	0	0.010549922333843	0.0096991973651483	97	HLA-A03:01	QHD43415_1_orf1	KLALGGSVAIK	A0301-Plate 1	A13	H-KLALGGSVAIK-OH	NA	1056.309	2.112618	Bl. 03-D09	0.010370654887651239	NA	NA	No	NA	NA	NA	NA
A19B259	AP0901_A9	82	24	23	26	0.115413164629265	1	0	1	0	0.00267004207214546	0.00246412639523659	206	HLA-A03:01	QHD43416_1_S_lc	SLIDLQELGK	A0301-Plate 2	C2	H-SLIDLQELGK-OH	NA	1115.287	2.230574	Bl. 04-E10	0.0026246719160104987	NA	NA	No	NA	NA	NA	NA
A18B242	AP0901_A9	335	98	107	94	0.10897210350743	1	0	1	0	0.0109080987093747	0.0101160882298113	103	HLA-A03:01	QHD43415_1_orf1	KLMPVCVETK	A0301-Plate 1	A19	H-KLMPVCVETK-OH	NA	1147.464	2.294928	Bl. 03-E03	0.010722745022725818	NA	NA	No	NA	NA	NA	NA
A19B229	AP0901_A9	56	15	19	16	0.107473312026265	1	0	1	0	0.00182344336634324	0.00169449792943621	18	HLA-A03:01	QHD43417_1_ORF3	ALLAVFQSASK	A0301-Plate 1	C6	H-ALLAVFQSASK-OH	NA	1134.336	2.268672	Bl. 02-B04	0.0017924588694705845	NA	NA	No	NA	NA	NA	NA
A20B247	AP0901_A9	59	18	13	22	0.105900675634649	1	0	1	0	0.00192112783239734	0.00178199164674626	132	HLA-A03:01	QHD43415_1_orf1	KVTKGKAKK	A0301-Plate 1	E24	H-KVTKGKAKK-OH	NA	987.2495	1.974499	Bl. 03-G08	0.0018884834517636515	NA	NA	No	NA	NA	NA	NA
A21B236	AP0901_A9	158	58	43	41	0.104419355779151	1	0	1	0	0.00514471521218271	0.00478320432260233	133	HLA-A03:01	QHD43416_1_S_lc	KVTLADAGFIK	A0301-Plate 1	G13	H-KVTLADAGFIK-OH	NA	1162.39	2.32478	Bl. 03-G09	0.005057294667434863	NA	NA	No	NA	NA	NA	NA
A21B245	AP0901_A9	77	19	23	27	0.104009014116905	1	0	1	0	0.00250723462872196	0.00233362466773535	142	HLA-A03:01	QHD43423_2_N_lc	LLNKHIDAYK	A0301-Plate 1	G22	H-LLNKHIDAYK-OH	NA	1214.425	2.42885	Bl. 03-H06	0.0024646309455220537	NA	NA	No	NA	NA	NA	NA
A30B260	AP0901_A9	236	84	50	79	0.102808797418682	1	0	1	0	0.00768451132958937	0.00715043782847352	289	HLA-A03:01	QHD43415_1_orf1	AAMQRKLEK	A0301-Plate 2	A13	H-AAMQRKLEK-OH	NA	1074.308	2.148616	Bl. 05-D09	0.007553933807054606	NA	NA	No	NA	NA	NA	NA
A25B263	AP0901_A9	31	10	9	9	0.0942344163160863	1	0	1	0	0.00100940614922572	9.44982620984469e-4	282	HLA-A03:01	QHD43415_1_orf1	YLKSPNFSK	A0301-Plate 2	O6	H-YLKSPNFSK-OH	NA	1083.248	2.166496	Bl. 05-D02	9.922540170283593e-4	NA	NA	No	NA	NA	NA	NA
A19B234	AP0901_A9	73	22	22	22	0.0922785169365833	1	0	1	0	0.00237698867398315	0.00222983461054749	23	HLA-A03:01	QHD43415_1_orf1	AMDEFIERYK	A0301-Plate 1	C11	H-AMDEFIERYK-OH	NA	1301.481	2.602962	Bl. 02-B09	0.0023365981691312976	NA	NA	No	NA	NA	NA	NA
A21B231	AP0901_A9	72	17	25	23	0.0904331041132639	1	0	1	0	0.00234442718529845	0.00220491046693569	44	HLA-A03:01	QHD43415_1_orf1	AVLDMCASLK	A0301-Plate 1	G8	H-AVLDMCASLK-OH	NA	1050.304	2.100608	Bl. 02-D06	0.0023045899750336087	NA	NA	No	NA	NA	NA	NA
A21B264	AP0901_A9	161	44	49	53	0.0871044726992699	1	0	1	0	0.00524239967823682	0.00493610619989461	235	HLA-A03:01	QHD43416_1_S_lc	TLKSFTVEK	A0301-Plate 2	G7	H-TLKSFTVEK-OH	NA	1052.231	2.104462	Bl. 04-H03	0.00515331924972793	NA	NA	No	NA	NA	NA	NA
A19B243	AP0901_A9	90	34	24	24	0.0850235476170213	1	0	1	0	0.00293053398162307	0.00276032237820222	116	HLA-A03:01	QHD43415_1_orf1	KSQDLSVVSK	A0301-Plate 1	C20	H-KSQDLSVVSK-OH	NA	1090.237	2.180474	Bl. 03-F04	0.002880737468792011	NA	NA	No	NA	NA	NA	NA
A23B224	AP0901_A9	158	45	51	48	0.0789465383814436	1	0	1	0	0.00514471521218271	0.00487233862052975	61	HLA-A03:01	QHD43415_1_orf1	GTLSYEQFKK	A0301-Plate 1	K1	H-GTLSYEQFKK-OH	NA	1200.352	2.400704	Bl. 03-A09	0.005057294667434863	NA	NA	No	NA	NA	NA	NA
A20B264	AP0901_A9	170	56	56	43	0.0789419767221312	1	0	1	0	0.00553545307639912	0.00524192415538656	223	HLA-A03:01	QHD43421_1_ORF7	SVSPKLFIR	A0301-Plate 2	E7	H-SVSPKLFIR-OH	NA	1046.273	2.092546	Bl. 04-G03	0.005441392996607132	NA	NA	No	NA	NA	NA	NA
A19B245	AP0901_A9	71	21	19	25	0.0762471988666492	1	0	1	0	0.00231186569661375	0.00219163758661945	118	HLA-A03:01	QHD43423_2_N_lc	KSAAEASKK	A0301-Plate 1	C22	H-KSAAEASKK-OH	NA	919.0409	1.8380818	Bl. 03-F06	0.0022725817809359197	NA	NA	No	NA	NA	NA	NA
A20B239	AP0901_A9	99	26	31	34	0.0671178739172417	1	0	1	0	0.00322358737978537	0.00307831002632724	124	HLA-A03:01	QHD43415_1_orf1	KTIQPRVEKK	A0301-Plate 1	E16	H-KTIQPRVEKK-OH	NA	1226.48	2.45296	Bl. 03-F12	0.003168811215671212	NA	NA	No	NA	NA	NA	NA
A20B225	AP0901_A9	168	55	54	46	0.0625816619642554	1	0	1	0	0.00547033009902972	0.00523891965942167	26	HLA-A03:01	QHD43416_1_S_lc	AQALNTLVK	A0301-Plate 1	E2	H-AQALNTLVK-OH	NA	957.1332	1.9142664	Bl. 02-B12	0.005377376608411754	NA	NA	No	NA	NA	NA	NA
A22B242	AP0901_A9	216	64	62	75	0.0520382983033046	1	0	1	0	0.00703328155589536	0.00678365295270731	151	HLA-A03:01	QHD43415_1_orf1	MTNRQFHQK	A0301-Plate 1	I19	H-MTNRQFHQK-OH	NA	1189.359	2.378718	Bl. 04-A03	0.006913769925100826	NA	NA	No	NA	NA	NA	NA
A19B244	AP0901_A9	60	20	15	21	0.0502189749311246	1	0	1	0	0.00195368932108204	0.00188454577107412	117	HLA-A03:01	QHD43416_1_S_lc	KSTNLVKNK	A0301-Plate 1	C21	H-KSTNLVKNK-OH	NA	1031.216	2.062432	Bl. 03-F05	0.0019204916458613404	NA	NA	No	NA	NA	NA	NA
A19B237	AP0901_A9	343	127	82	112	0.0494607724475937	1	0	1	0	0.0111685906188523	0.0107877727466638	110	HLA-A03:01	QHD43416_1_S_lc	KMSECVLGQSK	A0301-Plate 1	C14	H-KMSECVLGQSK-OH	NA	1209.449	2.418898	Bl. 03-E10	0.01097881057550733	NA	NA	No	NA	NA	NA	NA
A24B266	AP0901_A9	93	31	25	31	0.0462643817496683	1	0	1	0	0.00302821844767717	0.00293088451071984	273	HLA-A03:01	QHD43415_1_orf1	VVIPDYNTYK	A0301-Plate 2	M9	H-VVIPDYNTYK-OH	NA	1211.375	2.42275	Bl. 05-C05	0.002976762051085078	NA	NA	No	NA	NA	NA	NA
A22B244	AP0901_A9	60	16	21	19	0.0436819811864851	1	0	1	0	0.00195368932108204	0.00189781865139036	153	HLA-A03:01	QHD43415_1_orf1	NIFGTVYEK	A0301-Plate 1	I21	H-NIFGTVYEK-OH	NA	1070.205	2.14041	Bl. 04-A05	0.0019204916458613404	NA	NA	No	NA	NA	NA	NA
A24B238	AP0901_A9	139	37	56	37	0.0364187018696569	1	0	1	0	0.0045260469271734	0.00441883442176605	171	HLA-A03:01	QHD43415_1_orf1	QTVKPGNFNK	A0301-Plate 1	M15	H-QTVKPGNFNK-OH	NA	1132.28	2.26456	Bl. 04-B11	0.004449138979578772	NA	NA	No	NA	NA	NA	NA
A20B238	AP0901_A9	73	24	23	22	0.0286333746816017	1	0	1	0	0.00237698867398315	0.00233058224457708	123	HLA-A03:01	QHD43415_1_orf1	KTIQPRVEK	A0301-Plate 1	E15	H-KTIQPRVEK-OH	NA	1098.306	2.196612	Bl. 03-F11	0.0023365981691312976	NA	NA	No	NA	NA	NA	NA
A23B266	AP0901_A9	92	28	28	31	0.0280771117429813	1	0	1	0	0.00299565695899247	0.00293812943550962	261	HLA-A03:01	QHD43415_1_orf1	VLTEEVVLK	A0301-Plate 2	K9	H-VLTEEVVLK-OH	NA	1029.237	2.058474	Bl. 05-B05	0.0029447538569873886	NA	NA	No	NA	NA	NA	NA
A21B224	AP0901_A9	95	27	26	37	0.0269264827333113	1	0	1	0	0.00309334142504657	0.00303528305253936	37	HLA-A03:01	QHD43415_1_orf1	ATVVIGTSK	A0301-Plate 1	G1	H-ATVVIGTSK-OH	NA	875.0281	1.7500562	Bl. 02-C11	0.003040778439280456	NA	NA	No	NA	NA	NA	NA
A23B263	AP0901_A9	106	38	28	35	0.0209179333544474	1	0	1	0	0.00345151780057828	0.00339944911650136	258	HLA-A03:01	QHD43415_1_orf1	VLSEARQHLK	A0301-Plate 2	K6	H-VLSEARQHLK-OH	NA	1180.368	2.360736	Bl. 05-B02	0.0033928685743550347	NA	NA	No	NA	NA	NA	NA
A24B265	AP0901_A9	61	23	20	15	0.0204086525486606	1	0	1	0	0.00198625080976674	0.00195852484400027	272	HLA-A03:01	QHD43415_1_orf1	VVENPTIQK	A0301-Plate 2	M8	H-VVENPTIQK-OH	NA	1027.181	2.054362	Bl. 05-C04	0.0019524998399590295	NA	NA	No	NA	NA	NA	NA
A23B232	AP0901_A9	130	39	38	47	0.0164291864090059	1	0	1	0	0.00423299352901109	0.0041847844011446	69	HLA-A03:01	QHD43415_1_orf1	HISRQRLTK	A0301-Plate 1	K9	H-HISRQRLTK-OH	NA	1138.334	2.276668	Bl. 03-B05	0.004161065232699571	NA	NA	No	NA	NA	NA	NA
A22B240	AP0901_A9	217	72	66	69	0.0162850535857915	1	0	1	0	0.00706584304458006	0.00698632726283644	149	HLA-A03:01	QHD43415_1_orf1	MSAPPAQYELK	A0301-Plate 1	I17	H-MSAPPAQYELK-OH	NA	1234.434	2.468868	Bl. 04-A01	0.0069457781191985144	NA	NA	No	NA	NA	NA	NA
A20B226	AP0901_A9	126	31	43	46	0.0142870627469048	1	0	1	0	0.00410274757427229	0.00406514057902967	27	HLA-A03:01	QHD43415_1_orf1	AQCFKMFYK	A0301-Plate 1	E3	H-AQCFKMFYK-OH	NA	1165.441	2.330882	Bl. 02-C01	0.004033032456308815	NA	NA	No	NA	NA	NA	NA
A25B239	AP0901_A9	88	23	29	32	0.0123688749209825	1	0	1	0	0.00286541100425366	0.00284282023597152	184	HLA-A03:01	QHD43415_1_orf1	RLKLFAAETLK	A0301-Plate 1	O16	H-RLKLFAAETLK-OH	NA	1289.579	2.579158	Bl. 04-C12	0.0028167210805966326	NA	NA	No	NA	NA	NA	NA
A22B239	AP0901_A9	142	49	45	42	0.0100062932614122	1	0	1	0	0.0046237313932275	0.00459197743889449	148	HLA-A03:01	QHD43415_1_orf1	LVYDNKLKAHK	A0301-Plate 1	I16	H-LVYDNKLKAHK-OH	NA	1328.572	2.657144	Bl. 03-H12	0.0045451635618718395	NA	NA	No	NA	NA	NA	NA
A22B235	AP0901_A9	93	40	20	30	0.00298585154442084	1	0	1	0	0.00302821844767717	0.00301653381053824	60	HLA-A03:01	QHD43415_1_orf1	GTLSYEQFK	A0301-Plate 1	I12	H-GTLSYEQFK-OH	NA	1072.178	2.144356	Bl. 03-A08	0.002976762051085078	NA	NA	No	NA	NA	NA	NA
A21B259	AP0901_A9	31	17	6	7	0.0029054538008492	1	0	1	0	0.00100940614922572	0.00100207583299784	230	HLA-A03:01	QHD43415_1_orf1	TISLAGSYK	A0301-Plate 2	G2	H-TISLAGSYK-OH	NA	939.0715	1.878143	Bl. 04-G10	9.922540170283593e-4	NA	NA	No	NA	NA	NA	NA
A21B269	AP0901_A9	119	41	38	36	-0.00296553585070526	1	0	1	0	0.00387481715347939	0.00388309309289739	240	HLA-A03:01	QHD43423_2_N_lc	TQALPQRQK	A0301-Plate 2	G12	H-TQALPQRQK-OH	NA	1069.224	2.138448	Bl. 04-H08	0.003808975097624992	NA	NA	No	NA	NA	NA	NA
A23B245	AP0901_A9	72	23	18	29	-0.00816751215295724	1	0	1	0	0.00234442718529845	0.00235554431538226	166	HLA-A03:01	QHD43423_2_N_lc	QQQGQTVTK	A0301-Plate 1	K22	H-QQQGQTVTK-OH	NA	1017.102	2.034204	Bl. 04-B06	0.0023045899750336087	NA	NA	No	NA	NA	NA	NA
A22B263	AP0901_A9	82	29	26	25	-0.0161754417110262	1	0	1	0	0.00267004207214546	0.00270020570662728	246	HLA-A03:01	QHD43415_1_orf1	TTIKPVTYK	A0301-Plate 2	I6	H-TTIKPVTYK-OH	NA	1050.259	2.100518	Bl. 05-A02	0.0026246719160104987	NA	NA	No	NA	NA	NA	NA
A19B241	AP0901_A9	86	25	31	28	-0.0215809512449466	1	0	1	0	0.00280028802688426	0.00284521624730476	114	HLA-A03:01	QHD43415_1_orf1	KSAGFPFNK	A0301-Plate 1	C18	H-KSAGFPFNK-OH	NA	995.1412	1.9902824	Bl. 03-F02	0.0027527046924012547	NA	NA	No	NA	NA	NA	NA
A23B239	AP0901_A9	85	31	34	18	-0.021981084148250198	1	0	1	0	0.00276772653819956	0.00281359877274477	160	HLA-A03:01	QHD43416_1_S_lc	QIYKTPPIK	A0301-Plate 1	K16	H-QIYKTPPIK-OH	OK	1087.323	2.174646	Bl. 04-A12	0.002720696498303566	NA	NA	No	NA	NA	NA	NA
A19B267	AP0901_A9	103	33	30	38	-0.0225714102891356	1	0	1	0	0.00335383333452417	0.00340610452025617	214	HLA-A03:01	QHD43416_1_S_lc	SSTASALGK	A0301-Plate 2	C10	H-SSTASALGK-OH	NA	820.893	1.641786	Bl. 04-F06	0.003296843992061968	NA	NA	No	NA	NA	NA	NA
A19B232	AP0901_A9	107	33	42	30	-0.0300081077516465	1	0	1	0	0.00348407928926298	0.00356132655449493	21	HLA-A03:01	QHD43415_1_orf1	ALRANSAVK	A0301-Plate 1	C9	H-ALRANSAVK-OH	NA	929.0824	1.8581648	Bl. 02-B07	0.003424876768452724	NA	NA	No	NA	NA	NA	NA
A18B262	AP0901_A9	63	19	23	20	-0.032008436606426	1	0	1	0	0.00205137378713615	0.00209992240408121	197	HLA-A03:01	QHD43417_1_ORF3	SASKIITLK	A0301-Plate 2	A5	H-SASKIITLK-OH	NA	960.1772	1.9203544	Bl. 04-E01	0.0020165162281544076	NA	NA	No	NA	NA	NA	NA
A18B264	AP0901_A9	101	35	35	30	-0.0391208045014634	1	0	1	0	0.00328871035715477	0.00338053396481934	199	HLA-A03:01	QHD43415_1_orf1	SAVLQSGFRK	A0301-Plate 2	A7	H-SAVLQSGFRK-OH	NA	1092.259	2.184518	Bl. 04-E03	0.0032328276038665897	NA	NA	No	NA	NA	NA	NA
A20B265	AP0901_A9	128	38	44	45	-0.0431170618033946	1	0	1	0	0.00416787055164169	0.00429638994056051	224	HLA-A03:01	QHD43415_1_orf1	SVVNARLRAK	A0301-Plate 2	E8	H-SVVNARLRAK-OH	NA	1113.324	2.226648	Bl. 04-G04	0.004097048844504193	NA	NA	No	NA	NA	NA	NA
A22B245	AP0901_A9	68	22	13	33	-0.045282050797872	1	0	1	0	0.00221418123055965	0.0022803482731928	154	HLA-A03:01	QHD43418_1_E_lc	NIVNVSLVK	A0301-Plate 1	I22	H-NIVNVSLVK-OH	NA	985.187	1.970374	Bl. 04-A06	0.0021765571986428526	NA	NA	No	NA	NA	NA	NA
A23B262	AP0901_A9	69	29	18	22	-0.0471931500313893	1	0	1	0	0.00224674271924435	0.00231850736992746	257	HLA-A03:01	QHD43416_1_S_lc	VLNDILSRLDK	A0301-Plate 2	K5	H-VLNDILSRLDK-OH	NA	1285.502	2.571004	Bl. 05-B01	0.0022085653927405415	NA	NA	No	NA	NA	NA	NA
A23B259	AP0901_A9	25	8	6	11	-0.0489498435167608	1	0	1	0	8.14037217117518e-4	8.4062200635833e-4	254	HLA-A03:01	QHD43416_1_S_lc	VKQIYKTPPIK	A0301-Plate 2	K2	H-VKQIYKTPPIK-OH	NA	1314.63	2.62926	Bl. 05-A10	8.002048524422252e-4	NA	NA	No	NA	NA	NA	NA
A24B234	AP0901_A9	155	69	39	48	-0.0544341134175369	1	0	1	0	0.00504703074612861	0.00523668955776934	83	HLA-A03:01	QHD43416_1_S_lc	ILPDPSKPSK	A0301-Plate 1	M11	H-ILPDPSKPSK-OH	NA	1081.272	2.162544	Bl. 03-C07	0.004961270085141797	NA	NA	No	NA	NA	NA	NA
A18B231	AP0901_A9	38	16	16	6	-0.0547346933726801	1	0	1	0	0.00123733657001863	0.00128783752193122	8	HLA-A03:01	QHD43415_1_orf1	RLYYDSMSY	A0301-Plate 1	A8	H-RLYYDSMSY-OH	NA	1197.329	2.394658	Bl. 02-A06	0.0012163113757121824	NA	NA	No	NA	NA	NA	NA
A25B237	AP0901_A9	95	22	33	40	-0.0556163502014972	1	0	1	0	0.00309334142504657	0.00321790109610991	182	HLA-A03:01	QHD43416_1_S_lc	RLFRKSNLKP	A0301-Plate 1	O14	H-RLFRKSNLKP-OH	NA	1258.528	2.517056	Bl. 04-C10	0.003040778439280456	NA	NA	No	NA	NA	NA	NA
A25B236	AP0901_A9	151	49	47	57	-0.0704890090442904	1	0	1	0	0.00491678479138981	0.00516315305979394	181	HLA-A03:01	QHD43416_1_S_lc	RLFRKSNLK	A0301-Plate 1	O13	H-RLFRKSNLK-OH	NA	1161.411	2.322822	Bl. 04-C09	0.00483323730875104	NA	NA	No	NA	NA	NA	NA
A25B242	AP0901_A9	62	23	20	20	-0.0742028394013854	1	0	1	0	0.00201881229845145	0.00212545503232466	187	HLA-A03:01	QHD43416_1_S_lc	RQIAPGQTGK	A0301-Plate 1	O19	H-RQIAPGQTGK-OH	NA	1055.198	2.110396	Bl. 04-D03	0.0019845080340567187	NA	NA	No	NA	NA	NA	NA
A20B224	AP0901_A9	143	49	52	44	-0.0744224575267735	1	0	1	0	0.0046562928819122	0.00490509720996628	25	HLA-A03:01	QHD43416_1_S_lc	ANQFNSAIGK	A0301-Plate 1	E1	H-ANQFNSAIGK-OH	NA	1049.147	2.098294	Bl. 02-B11	0.004577171755969528	NA	NA	No	NA	NA	NA	NA
A22B265	AP0901_A9	97	40	35	24	-0.0819233280209673	1	0	1	0	0.00315846440241597	0.0033441055039962	248	HLA-A03:01	QHD43415_1_orf1	TVEEAKTVLKK	A0301-Plate 2	I8	H-TVEEAKTVLKK-OH	NA	1245.477	2.490954	Bl. 05-A04	0.0031047948274758336	NA	NA	No	NA	NA	NA	NA
A23B258	AP0901_A9	85	38	26	23	-0.0822165796483008	1	0	1	0	0.00276772653819956	0.00292843160859654	253	HLA-A03:01	QHD43415_1_orf1	VDTANPKTPK	A0301-Plate 2	K1	H-VDTANPKTPK-OH	NA	1070.206	2.140412	Bl. 05-A09	0.002720696498303566	NA	NA	No	NA	NA	NA	NA
A22B228	AP0901_A9	41	14	13	15	-0.0858702410463814	1	0	1	0	0.00133502103607273	0.00141717917095922	53	HLA-A03:01	QHD43416_1_S_lc	GINASVVNIQK	A0301-Plate 1	I5	H-GINASVVNIQK-OH	NA	1142.316	2.284632	Bl. 03-A01	0.0013123359580052493	NA	NA	No	NA	NA	NA	NA
A18B266	AP0901_A9	81	30	27	26	-0.0868107902726517	1	0	1	0	0.00263748058346076	0.00280156182528853	201	HLA-A03:01	QHD43415_1_orf1	SGLKTILRK	A0301-Plate 2	A9	H-SGLKTILRK-OH	NA	1015.26	2.03052	Bl. 04-E05	0.0025926637219128097	NA	NA	No	NA	NA	NA	NA
A25B246	AP0901_A9	26	11	7	9	-0.102406375118333	1	0	1	0	8.46598705802219e-4	9.07375118091396e-4	191	HLA-A03:01	QHD43415_1_orf1	RVIHFGAGSDK	A0301-Plate 1	O23	H-RVIHFGAGSDK-OH	NA	1186.331	2.372662	Bl. 04-D07	8.322130465399142e-4	NA	NA	No	NA	NA	NA	NA
A21B241	AP0901_A9	65	26	23	19	-0.116847582970408	1	0	1	0	0.00211649676450555	0.0022959792376489	138	HLA-A03:01	QHD43420_1_ORF6	LLIIMRTFK	A0301-Plate 1	G18	H-LLIIMRTFK-OH	NA	1134.49	2.26898	Bl. 03-H02	0.0020805326163497854	NA	NA	No	NA	NA	NA	NA
A22B237	AP0901_A9	151	58	43	58	-0.122540272850877	1	0	1	0	0.00491678479138981	0.00535076696290524	146	HLA-A03:01	QHD43415_1_orf1	LTRNPAWRK	A0301-Plate 1	I14	H-LTRNPAWRK-OH	NA	1141.337	2.282674	Bl. 03-H10	0.00483323730875104	NA	NA	No	NA	NA	NA	NA
A23B227	AP0901_A9	76	22	24	34	-0.12572821631353	1	0	1	0	0.00247467314003725	0.00270085211845231	64	HLA-A03:01	QHD43416_1_S_lc	GVLTESNKK	A0301-Plate 1	K4	H-GVLTESNKK-OH	OK	975.1052	1.9502104	Bl. 03-A12	0.0024326227514243647	NA	NA	No	NA	NA	NA	NA
A21B247	AP0901_A9	69	19	21	33	-0.132565707752246	1	0	1	0	0.00224674271924435	0.00246355583779832	144	HLA-A03:01	QHD43416_1_S_lc	LQPRTFLLK	A0301-Plate 1	G24	H-LQPRTFLLK-OH	NA	1115.38	2.23076	Bl. 03-H08	0.0022085653927405415	NA	NA	No	NA	NA	NA	NA
A21B239	AP0901_A9	112	45	34	40	-0.136273221485693	1	0	1	0	0.00364688673268648	0.00400697734383721	136	HLA-A03:01	QHD43415_1_orf1	LITPVHVMSK	A0301-Plate 1	G16	H-LITPVHVMSK-OH	NA	1124.408	2.248816	Bl. 03-G12	0.003584917738941169	NA	NA	No	NA	NA	NA	NA
A20B259	AP0901_A9	66	17	23	30	-0.138628434573987	1	0	1	0	0.00214905825319025	0.00236822767466353	218	HLA-A03:01	QHD43415_1_orf1	STFNVPMEK	A0301-Plate 2	E2	H-STFNVPMEK-OH	NA	1052.211	2.104422	Bl. 04-F10	0.0021125408104474747	NA	NA	No	NA	NA	NA	NA
A22B229	AP0901_A9	108	38	33	44	-0.140482288929733	1	0	1	0	0.00351664077794768	0.003875886095301	54	HLA-A03:01	QHD43416_1_S_lc	GIYQTSNFR	A0301-Plate 1	I6	H-GIYQTSNFR-OH	NA	1085.18	2.17036	Bl. 03-A02	0.003456884962550413	NA	NA	No	NA	NA	NA	NA
A23B267	AP0901_A9	68	31	14	28	-0.145292327627469	1	0	1	0	0.00221418123055965	0.00244360859013058	262	HLA-A03:01	QHD43415_1_orf1	VLAAECTIFK	A0301-Plate 2	K10	H-VLAAECTIFK-OH	NA	1094.335	2.18867	Bl. 05-B06	0.0021765571986428526	NA	NA	No	NA	NA	NA	NA
A21B235	AP0901_A9	95	32	27	43	-0.151444768836908	1	0	1	0	0.00309334142504657	0.00343467957165789	48	HLA-A03:01	QHD43421_1_ORF7	CVRGTTVLLK	A0301-Plate 1	G12	H-CVRGTTVLLK-OH	NA	1089.363	2.178726	Bl. 02-D10	0.003040778439280456	NA	NA	No	NA	NA	NA	NA
A25B266	AP0901_A9	97	31	31	42	-0.151704464631899	1	0	1	0	0.00315846440241597	0.00350928609281238	285	HLA-A03:01	QHD43416_1_S_lc	YRLFRKSNLK	A0301-Plate 2	O9	H-YRLFRKSNLK-OH	NA	1324.587	2.649174	Bl. 05-D05	0.0031047948274758336	NA	NA	No	NA	NA	NA	NA
A24B237	AP0901_A9	169	67	66	48	-0.153028809824971	1	0	1	0	0.00550289158771442	0.00612133270670789	170	HLA-A03:01	QHD43415_1_orf1	QTPFEIKLAK	A0301-Plate 1	M14	H-QTPFEIKLAK-OH	NA	1174.401	2.348802	Bl. 04-B10	0.005409384802509442	NA	NA	No	NA	NA	NA	NA
A22B233	AP0901_A9	60	20	31	13	-0.153538983545999	1	0	1	0	0.00195368932108204	0.00218053791716548	58	HLA-A03:01	QHD43416_1_S_lc	GTHWFVTQR	A0301-Plate 1	I10	H-GTHWFVTQR-OH	NA	1131.254	2.262508	Bl. 03-A06	0.0019204916458613404	NA	NA	No	NA	NA	NA	NA
A22B234	AP0901_A9	102	43	26	41	-0.154476411087585	1	0	1	0	0.00332127184583947	0.00369326805173045	59	HLA-A03:01	QHD43419_1_M_lc	GTITVEELKK	A0301-Plate 1	I11	H-GTITVEELKK-OH	NA	1117.303	2.234606	Bl. 03-A07	0.0032648357979642786	NA	NA	No	NA	NA	NA	NA
A23B238	AP0901_A9	82	31	31	26	-0.155030707923499	1	0	1	0	0.00267004207214546	0.00297510949017435	159	HLA-A03:01	QHD43416_1_S_lc	QILPDPSKPSK	A0301-Plate 1	K15	H-QILPDPSKPSK-OH	NA	1209.403	2.418806	Bl. 04-A11	0.0026246719160104987	NA	NA	No	NA	NA	NA	NA
A22B243	AP0901_A9	80	25	28	33	-0.15714407345141	1	0	1	0	0.00260491909477606	0.0029065688517397	152	HLA-A03:01	QHD43415_1_orf1	MVTNNTFTLK	A0301-Plate 1	I20	H-MVTNNTFTLK-OH	NA	1168.375	2.33675	Bl. 04-A04	0.002560655527815121	NA	NA	No	NA	NA	NA	NA
A19B228	AP0901_A9	110	40	47	31	-0.157755210982594	1	0	1	0	0.00358176375531708	0.00400011810320812	17	HLA-A03:01	QHD43415_1_orf1	ALKYLPIDK	A0301-Plate 1	C5	H-ALKYLPIDK-OH	NA	1060.297	2.120594	Bl. 02-B03	0.003520901350745791	NA	NA	No	NA	NA	NA	NA
A19B225	AP0901_A9	90	30	30	37	-0.159626030428778	1	0	1	0	0.00293053398162307	0.00327438582349162	14	HLA-A03:01	QHD43415_1_orf1	ALAYYNTTK	A0301-Plate 1	C2	H-ALAYYNTTK-OH	NA	1044.167	2.088334	Bl. 02-A12	0.002880737468792011	NA	NA	No	NA	NA	NA	NA
A21B232	AP0901_A9	48	17	21	14	-0.170898493341604	1	0	1	0	0.00156295145686563	0.0017636660160992	45	HLA-A03:01	QHD43415_1_orf1	AVLQSGFRK	A0301-Plate 1	G9	H-AVLQSGFRK-OH	NA	1005.18	2.01036	Bl. 02-D07	0.0015363933166890724	NA	NA	No	NA	NA	NA	NA
A20B242	AP0901_A9	98	48	30	29	-0.173733657211891	1	0	1	0	0.00319102589110067	0.00359729347677063	127	HLA-A03:01	QHD43415_1_orf1	KTYERHSLSH	A0301-Plate 1	E19	H-KTYERHSLSH-OH	NA	1257.367	2.514734	Bl. 03-G03	0.003136803021573523	NA	NA	No	NA	NA	NA	NA
A18B225	AP0901_A9	115	41	46	38	-0.175162514718946	1	0	1	0	0.00374457119874058	0.00423140539193234	2	HLA-A03:01	QHD43415_1_orf1	AVVYRGTTTY	A0301-Plate 1	A2	H-AVVYRGTTTY-OH	NA	1130.261	2.260522	Bl. 01-H12	0.003680942321234236	NA	NA	No	NA	NA	NA	NA
A25B238	AP0901_A9	68	20	29	25	-0.178582836458722	1	0	1	0	0.00221418123055965	0.00251078531321771	183	HLA-A03:01	QHD43415_1_orf1	RLISMMGFK	A0301-Plate 1	O15	H-RLISMMGFK-OH	OK	1082.395	2.16479	Bl. 04-C11	0.0021765571986428526	NA	NA	No	NA	NA	NA	NA
A20B244	AP0901_A9	40	14	10	20	-0.184518135838898	1	0	1	0	0.00130245954738803	0.00147853177539416	129	HLA-A03:01	QHD43415_1_orf1	KVDTANPKTPK	A0301-Plate 1	E21	H-KVDTANPKTPK-OH	NA	1198.38	2.39676	Bl. 03-G05	0.0012803277639075604	NA	NA	No	NA	NA	NA	NA
A23B235	AP0901_A9	168	67	59	59	-0.190238892249794	1	0	1	0	0.00547033009902972	0.00624223142527951	72	HLA-A03:01	QHD43416_1_S_lc	HVSGTNGTK	A0301-Plate 1	K12	H-HVSGTNGTK-OH	NA	899.9543	1.7999086	Bl. 03-B08	0.005377376608411754	NA	NA	No	NA	NA	NA	NA
A18B237	AP0901_A9	138	50	60	42	-0.19610947142351	1	0	1	0	0.0044934854384887	0.00515264291137494	98	HLA-A03:01	QHD43423_2_N_lc	KLDDKDPNFK	A0301-Plate 1	A14	H-KLDDKDPNFK-OH	NA	1219.355	2.43871	Bl. 03-D10	0.004417130785481083	NA	NA	No	NA	NA	NA	NA
A21B265	AP0901_A9	56	23	19	20	-0.196751716751642	1	0	1	0	0.00182344336634324	0.00209026250436151	236	HLA-A03:01	QHD43415_1_orf1	TLMNVLTLVYK	A0301-Plate 2	G8	H-TLMNVLTLVYK-OH	NA	1294.617	2.589234	Bl. 04-H04	0.0017924588694705845	NA	NA	No	NA	NA	NA	NA
A25B240	AP0901_A9	66	23	24	26	-0.197658922472352	1	0	1	0	0.00214905825319025	0.00246654137016652	185	HLA-A03:01	QHD43415_1_orf1	RNIKPVPEVK	A0301-Plate 1	O17	H-RNIKPVPEVK-OH	NA	1179.423	2.358846	Bl. 04-D01	0.0021125408104474747	NA	NA	No	NA	NA	NA	NA
A24B262	AP0901_A9	17	9	4	6	-0.204939539592905	1	0	1	0	5.53545307639912e-4	6.36084315140871e-4	269	HLA-A03:01	QHD43416_1_S_lc	VTLADAGFIK	A0301-Plate 2	M5	H-VTLADAGFIK-OH	NA	1034.216	2.068432	Bl. 05-C01	5.441392996607131e-4	NA	NA	No	NA	NA	NA	NA
A25B228	AP0901_A9	42	21	18	8	-0.21426708078303	1	0	1	0	0.00136758252475743	0.00158888241835339	89	HLA-A03:01	QHD43415_1_orf1	KASMPTTIAK	A0301-Plate 1	O5	H-KASMPTTIAK-OH	NA	1047.279	2.094558	Bl. 03-D01	0.0013443441521029385	NA	NA	No	NA	NA	NA	NA
A30B264	AP0901_A9	182	77	63	65	-0.221750706198769	1	0	1	0	0.00592619094061553	0.0069110932934536	293	HLA-A03:01	QHD43415_1_orf1	KVNSTLEQY	A0301-Plate 2	A17	H-KVNSTLEQY-OH	NA	1081.186	2.162372	Bl. 08-C02	0.0058254913257793995	NA	NA	No	NA	NA	NA	NA
A18B230	AP0901_A9	47	18	19	16	-0.226076822722366	1	0	1	0	0.00153038996818093	0.00179283058853588	7	HLA-A03:01	QHD43415_1_orf1	RLSFKELLVY	A0301-Plate 1	A7	H-RLSFKELLVY-OH	NA	1267.529	2.535058	Bl. 02-A05	0.0015043851225913835	NA	NA	No	NA	NA	NA	NA
A21B230	AP0901_A9	53	18	19	23	-0.230476350186001	1	0	1	0	0.00172575890028914	0.00202653285219002	43	HLA-A03:01	QHD43415_1_orf1	AVKTQFNYYK	A0301-Plate 1	G7	H-AVKTQFNYYK-OH	NA	1261.438	2.522876	Bl. 02-D05	0.0016964342871775174	NA	NA	No	NA	NA	NA	NA
A24B235	AP0901_A9	119	46	43	46	-0.23343881875009	1	0	1	0	0.00387481715347939	0.00455680387452803	84	HLA-A03:01	QHD43415_1_orf1	IMASLVLARK	A0301-Plate 1	M12	H-IMASLVLARK-OH	NA	1101.417	2.202834	Bl. 03-C08	0.003808975097624992	NA	NA	No	NA	NA	NA	NA
A22B258	AP0901_A9	127	44	46	55	-0.243405218087189	1	0	1	0	0.00413530906295699	0.00489730069133492	241	HLA-A03:01	QHD43415_1_orf1	TSFGPLVRK	A0301-Plate 2	I1	H-TSFGPLVRK-OH	NA	1004.193	2.008386	Bl. 04-H09	0.0040650406504065045	NA	NA	No	NA	NA	NA	NA
A18B239	AP0901_A9	265	105	115	83	-0.249137711829799	1	0	1	0	0.00862879450144569	0.0102598249104354	100	HLA-A03:01	QHD43415_1_orf1	KLFAAETLK	A0301-Plate 1	A16	H-KLFAAETLK-OH	NA	1020.232	2.040464	Bl. 03-D12	0.008482171435887587	NA	NA	No	NA	NA	NA	NA
A25B230	AP0901_A9	46	22	16	15	-0.25291482336566	1	0	1	0	0.00149782847949623	0.00178497717911446	91	HLA-A03:01	QHD43416_1_S_lc	KCYGVSPTK	A0301-Plate 1	O7	H-KCYGVSPTK-OH	NA	982.1638	1.9643276	Bl. 03-D03	0.0014723769284936943	NA	NA	No	NA	NA	NA	NA
A24B261	AP0901_A9	6	3	1	3	-0.261181682646912	1	0	1	0	1.95368932108204e-4	2.33683300057451e-4	268	HLA-A03:01	QHD43415_1_orf1	VTHSKGLYRK	A0301-Plate 2	M4	H-VTHSKGLYRK-OH	NA	1188.391	2.376782	Bl. 05-B12	1.9204916458613405e-4	NA	NA	No	NA	NA	NA	NA
A24B247	AP0901_A9	74	25	31	30	-0.271223219789929	1	0	1	0	0.00240955016266785	0.00291198832263451	180	HLA-A03:01	QHD43423_2_N_lc	RIRGGDGKMK	A0301-Plate 1	M24	H-RIRGGDGKMK-OH	NA	1117.337	2.234674	Bl. 04-C08	0.0023686063632289865	NA	NA	No	NA	NA	NA	NA
A24B226	AP0901_A9	111	48	34	48	-0.275113929648124	1	0	1	0	0.00361432524400178	0.00437239830425589	75	HLA-A03:01	QHD43415_1_orf1	HVVGPNVNK	A0301-Plate 1	M3	H-HVVGPNVNK-OH	NA	963.0997	1.9261994	Bl. 03-B11	0.0035529095448434797	NA	NA	No	NA	NA	NA	NA
A22B266	AP0901_A9	92	47	30	31	-0.27813816253607	1	0	1	0	0.00299565695899247	0.00363128799906716	249	HLA-A03:01	QHD43415_1_orf1	TVIEVQGYK	A0301-Plate 2	I9	H-TVIEVQGYK-OH	NA	1036.188	2.072376	Bl. 05-A05	0.0029447538569873886	NA	NA	No	NA	NA	NA	NA
A19B226	AP0901_A9	134	48	51	58	-0.281124919056829	1	0	1	0	0.0043632394837499	0.00530453165627819	15	HLA-A03:01	QHD43415_1_orf1	ALCTFLLNK	A0301-Plate 1	C3	H-ALCTFLLNK-OH	OK	1022.272	2.044544	Bl. 02-B01	0.004289098009090327	NA	NA	No	NA	NA	NA	NA
A24B229	AP0901_A9	131	60	45	49	-0.28200219649217	1	0	1	0	0.0042655550176958	0.00518623278591409	78	HLA-A03:01	QHD43415_1_orf1	IIIGGAKLK	A0301-Plate 1	M6	H-IIIGGAKLK-OH	NA	912.1792	1.8243584	Bl. 03-C02	0.00419307342679726	NA	NA	No	NA	NA	NA	NA
A24B264	AP0901_A9	126	47	47	54	-0.283998180268546	1	0	1	0	0.00410274757427229	0.00499743984073286	271	HLA-A03:01	QHD43416_1_S_lc	VTYVPAQEK	A0301-Plate 2	M7	H-VTYVPAQEK-OH	NA	1034.172	2.068344	Bl. 05-C03	0.004033032456308815	NA	NA	No	NA	NA	NA	NA
A21B267	AP0901_A9	83	35	26	37	-0.287318255349326	1	0	1	0	0.00270260356083016	0.00329750347680515	238	HLA-A03:01	QHD43415_1_orf1	TLSYEQFKK	A0301-Plate 2	G10	H-TLSYEQFKK-OH	NA	1143.3	2.2866	Bl. 04-H06	0.0026566801101081876	NA	NA	No	NA	NA	NA	NA
A18B224	AP0901_A9	122	58	50	36	-0.29101948603653	1	0	1	0	0.00397250161953349	0.00486262183001998	1	HLA-A03:01	QHD43415_1_orf1	AVMYMGTLSY	A0301-Plate 1	A1	H-AVMYMGTLSY-OH	NA	1135.365	2.27073	Bl. 01-H11	0.003904999679918059	NA	NA	No	NA	NA	NA	NA
A30B268	AP0901_A9	120	49	42	51	-0.292659839306986	1	0	1	0	0.00390737864216409	0.00478687419398894	297	HLA-A03:01	QHD43415_1_orf1	VVYRGTTTY	A0301-Plate 2	A21	H-VVYRGTTTY-OH	OK	1059.182	2.118364	Bl. 08-C06	0.003840983291722681	NA	NA	No	NA	NA	NA	NA
A30B261	AP0901_A9	147	64	47	66	-0.315390369192998	1	0	1	0	0.00478653883665101	0.00595529069427619	290	HLA-A03:01	QHD43415_1_orf1	ALCEKALKY	A0301-Plate 2	A14	H-ALCEKALKY-OH	NA	1038.271	2.076542	Bl. 08-B11	0.0047052045323602845	NA	NA	No	NA	NA	NA	NA
A23B230	AP0901_A9	60	25	26	21	-0.315918237797833	1	0	1	0	0.00195368932108204	0.00243555134383487	67	HLA-A03:01	QHD43416_1_S_lc	GVYYHKNNK	A0301-Plate 1	K7	H-GVYYHKNNK-OH	NA	1122.244	2.244488	Bl. 03-B03	0.0019204916458613404	NA	NA	No	NA	NA	NA	NA
A19B268	AP0901_A9	115	48	44	48	-0.334720256305231	1	0	1	0	0.00374457119874058	0.00472432358388738	215	HLA-A03:01	QHD43415_1_orf1	SSTFNVPMEK	A0301-Plate 2	C11	H-SSTFNVPMEK-OH	NA	1139.29	2.27858	Bl. 04-F07	0.003680942321234236	NA	NA	No	NA	NA	NA	NA
A25B234	AP0901_A9	91	33	35	43	-0.33838465280682	1	0	1	0	0.00296309547030777	0.0037489973483963	95	HLA-A03:01	QHD43415_1_orf1	KIKPHNSHEGK	A0301-Plate 1	O11	H-KIKPHNSHEGK-OH	NA	1274.441	2.548882	Bl. 03-D07	0.0029127456628896997	NA	NA	No	NA	NA	NA	NA
A25B258	AP0901_A9	4	2	2	1	-0.354654697836617	1	0	1	0	1.30245954738803e-4	1.69326199657622e-4	277	HLA-A03:01	QHD43415_1_orf1	VVYRGTTTYK	A0301-Plate 2	O1	H-VVYRGTTTYK-OH	NA	1187.356	2.374712	Bl. 05-C09	1.2803277639075603e-4	NA	NA	No	NA	NA	NA	NA
A25B261	AP0901_A9	55	21	21	26	-0.356616033362339	1	0	1	0	0.00179088187765854	0.00229540868021062	280	HLA-A03:01	QHD43423_2_N_lc	YKTFPPTEPK	A0301-Plate 2	O4	H-YKTFPPTEPK-OH	NA	1207.387	2.414774	Bl. 05-C12	0.0017604506753728954	NA	NA	No	NA	NA	NA	NA
A22B224	AP0901_A9	86	39	44	23	-0.357835316605229	1	0	1	0	0.00280028802688426	0.00359467466496643	49	HLA-A03:01	QHD43416_1_S_lc	EILPVSMTK	A0301-Plate 1	I1	H-EILPVSMTK-OH	NA	1017.25	2.0345	Bl. 02-D11	0.0027527046924012547	NA	NA	No	NA	NA	NA	NA
A23B243	AP0901_A9	75	32	31	30	-0.361950356393512	1	0	1	0	0.00244211165135255	0.00314143119386708	164	HLA-A03:01	QHD43421_1_ORF7	QLRARSVSPK	A0301-Plate 1	K20	H-QLRARSVSPK-OH	NA	1141.334	2.282668	Bl. 04-B04	0.002400614557326676	NA	NA	No	NA	NA	NA	NA
A25B226	AP0901_A9	65	22	24	35	-0.368199723180131	1	0	1	0	0.00211649676450555	0.00273423815611719	87	HLA-A03:01	QHD43415_1_orf1	ITPVHVMSK	A0301-Plate 1	O3	H-ITPVHVMSK-OH	NA	1011.249	2.022498	Bl. 03-C11	0.0020805326163497854	NA	NA	No	NA	NA	NA	NA
A19B235	AP0901_A9	119	42	55	52	-0.380053310726031	1	0	1	0	0.00387481715347939	0.00504832022394218	24	HLA-A03:01	QHD43415_1_orf1	AMRPNFTIK	A0301-Plate 1	C12	H-AMRPNFTIK-OH	NA	1077.311	2.154622	Bl. 02-B10	0.003808975097624992	NA	NA	No	NA	NA	NA	NA
A19B230	AP0901_A9	58	23	24	26	-0.383307874930331	1	0	1	0	0.00188856634371264	0.00246654137016652	19	HLA-A03:01	QHD43415_1_orf1	ALLTKSSEYK	A0301-Plate 1	C7	H-ALLTKSSEYK-OH	NA	1139.309	2.278618	Bl. 02-B05	0.0018564752576659626	NA	NA	No	NA	NA	NA	NA
A22B227	AP0901_A9	81	34	39	29	-0.387343187984612	1	0	1	0	0.00263748058346076	0.00345514048597384	52	HLA-A03:01	QHD43415_1_orf1	FVFPLNSIIK	A0301-Plate 1	I4	H-FVFPLNSIIK-OH	NA	1177.447	2.354894	Bl. 02-E02	0.0025926637219128097	NA	NA	No	NA	NA	NA	NA
A18B241	AP0901_A9	71	18	30	42	-0.396392674637172	1	0	1	0	0.00231186569661375	0.00304798537541732	102	HLA-A03:01	QHD43415_1_orf1	KLKVDTANPK	A0301-Plate 1	A18	H-KLKVDTANPK-OH	NA	1113.318	2.226636	Bl. 03-E02	0.0022725817809359197	NA	NA	No	NA	NA	NA	NA
A22B259	AP0901_A9	40	13	14	24	-0.399496344503588	1	0	1	0	0.00130245954738803	0.00172006848487304	242	HLA-A03:01	QHD43415_1_orf1	TSLSGFKLK	A0301-Plate 2	I2	H-TSLSGFKLK-OH	NA	980.1675	1.960335	Bl. 04-H10	0.0012803277639075604	NA	NA	No	NA	NA	NA	NA
A25B229	AP0901_A9	82	31	42	31	-0.399651499622788	1	0	1	0	0.00267004207214546	0.00352915748609336	90	HLA-A03:01	QHD43416_1_S_lc	KCTLKSFTVEK	A0301-Plate 1	O6	H-KCTLKSFTVEK-OH	NA	1283.55	2.5671	Bl. 03-D02	0.0026246719160104987	NA	NA	No	NA	NA	NA	NA
A23B231	AP0901_A9	85	31	41	36	-0.40112016771015	1	0	1	0	0.00276772653819956	0.0036608951464546	68	HLA-A03:01	QHD43416_1_S_lc	GVYYPDKVFR	A0301-Plate 1	K8	H-GVYYPDKVFR-OH	NA	1243.423	2.486846	Bl. 03-B04	0.002720696498303566	NA	NA	No	NA	NA	NA	NA
A25B268	AP0901_A9	62	23	32	24	-0.405785418882031	1	0	1	0	0.00201881229845145	0.00268130951854195	287	HLA-A03:01	QHD43415_1_orf1	YTTTIKPVTYK	A0301-Plate 2	O11	H-YTTTIKPVTYK-OH	NA	1314.54	2.62908	Bl. 05-D07	0.0019845080340567187	NA	NA	No	NA	NA	NA	NA
A22B246	AP0901_A9	60	21	22	34	-0.409768316369658	1	0	1	0	0.00195368932108204	0.00259768950949279	155	HLA-A03:01	QHD43420_1_ORF6	NLIIKNLSK	A0301-Plate 1	I23	H-NLIIKNLSK-OH	NA	1042.282	2.084564	Bl. 04-A07	0.0019204916458613404	NA	NA	No	NA	NA	NA	NA
A18B258	AP0901_A9	156	62	74	64	-0.413905216640323	1	0	1	0	0.00507959223481331	0.006773161767885	193	HLA-A03:01	QHD43416_1_S_lc	RVQPTESIVR	A0301-Plate 2	A1	H-RVQPTESIVR-OH	NA	1184.356	2.368712	Bl. 04-D09	0.004993278279239485	NA	NA	No	NA	NA	NA	NA
A25B241	AP0901_A9	49	19	22	22	-0.414894918048294	1	0	1	0	0.00159551294555034	0.00213150195144782	186	HLA-A03:01	QHD43415_1_orf1	RQFHQKLLK	A0301-Plate 1	O18	H-RQFHQKLLK-OH	NA	1197.444	2.394888	Bl. 04-D02	0.0015684015107867615	NA	NA	No	NA	NA	NA	NA
A18B227	AP0901_A9	75	34	33	30	-0.422828633667264	1	0	1	0	0.00244211165135255	0.00327737135585982	4	HLA-A03:01	QHD43415_1_orf1	KMNYQVNGY	A0301-Plate 1	A4	H-KMNYQVNGY-OH	NA	1116.258	2.232516	Bl. 02-A02	0.002400614557326676	NA	NA	No	NA	NA	NA	NA
A25B235	AP0901_A9	55	20	28	23	-0.423768145392368	1	0	1	0	0.00179088187765854	0.00240882070992481	96	HLA-A03:01	QHD43423_2_N_lc	KKSAAEASKK	A0301-Plate 1	O12	H-KKSAAEASKK-OH	NA	1047.215	2.09443	Bl. 03-D08	0.0017604506753728954	NA	NA	No	NA	NA	NA	NA
A23B234	AP0901_A9	104	50	38	47	-0.42441350162915	1	0	1	0	0.00338639482320888	0.00454533748451006	71	HLA-A03:01	QHD43415_1_orf1	HLYLQYIRK	A0301-Plate 1	K11	H-HLYLQYIRK-OH	NA	1233.474	2.466948	Bl. 03-B07	0.003328852186159657	NA	NA	No	NA	NA	NA	NA
A25B264	AP0901_A9	65	25	33	26	-0.425442200481717	1	0	1	0	0.00211649676450555	0.0028488292279013	283	HLA-A03:01	QHD43416_1_S_lc	YLQPRTFLLK	A0301-Plate 2	O7	H-YLQPRTFLLK-OH	NA	1278.556	2.557112	Bl. 05-D03	0.0020805326163497854	NA	NA	No	NA	NA	NA	NA
A20B237	AP0901_A9	163	77	67	68	-0.42983031494074603	1	0	1	0	0.00530752265560622	0.00715202151830083	122	HLA-A03:01	QHD43423_2_N_lc	KTFPPTEPKKD	A0301-Plate 1	E14	H-KTFPPTEPKKD-OH	NA	1287.474	2.574948	Bl. 03-F10	0.005217335637923308	NA	NA	No	NA	NA	NA	NA
A18B243	AP0901_A9	237	96	123	89	-0.43589008473319	1	0	1	0	0.00771707281827407	0.0104466833828308	104	HLA-A03:01	QHD43415_1_orf1	KLRGTAVMSLK	A0301-Plate 1	A20	H-KLRGTAVMSLK-OH	NA	1203.51	2.40702	Bl. 03-E04	0.007585942001152295	NA	NA	No	NA	NA	NA	NA
A21B229	AP0901_A9	58	38	14	25	-0.448571662477004	1	0	1	0	0.00188856634371264	0.00257289334836851	42	HLA-A03:01	QHD43417_1_ORF3	AVFQSASK	A0301-Plate 1	G6	H-AVFQSASK-OH	NA	836.9382	1.6738764	Bl. 02-D04	0.0018564752576659626	NA	NA	No	NA	NA	NA	NA
A21B246	AP0901_A9	78	42	32	29	-0.449911384914265	1	0	1	0	0.00253979611740666	0.00347101321449759	143	HLA-A03:01	QHD43415_1_orf1	LQGPPGTGK	A0301-Plate 1	G23	H-LQGPPGTGK-OH	NA	853.969	1.707938	Bl. 03-H07	0.0024966391396197426	NA	NA	No	NA	NA	NA	NA
A22B267	AP0901_A9	63	18	26	39	-0.450199060051388	1	0	1	0	0.00205137378713615	0.0028070571505701	250	HLA-A03:01	QHD43415_1_orf1	TVKPGNFNK	A0301-Plate 2	I10	H-TVKPGNFNK-OH	NA	1004.149	2.008298	Bl. 05-A06	0.0020165162281544076	NA	NA	No	NA	NA	NA	NA
A22B232	AP0901_A9	91	53	34	34	-0.457517779661587	1	0	1	0	0.00296309547030777	0.00406888154211373	57	HLA-A03:01	QHD43415_1_orf1	GLVASIKNFK	A0301-Plate 1	I9	H-GLVASIKNFK-OH	NA	1076.3	2.1526	Bl. 03-A05	0.0029127456628896997	NA	NA	No	NA	NA	NA	NA
A23B237	AP0901_A9	251	118	102	115	-0.466699887358346	1	0	1	0	0.00817293365985988	0.0112967834416224	158	HLA-A03:01	QHD43416_1_S_lc	QIAPGQTGK	A0301-Plate 1	K14	H-QIAPGQTGK-OH	NA	899.0099	1.7980198	Bl. 04-A10	0.008034056718519941	NA	NA	No	NA	NA	NA	NA
A18B232	AP0901_A9	83	44	36	31	-0.469252180375889	1	0	1	0	0.00270260356083016	0.00374411050774638	9	HLA-A03:01	QHD43415_1_orf1	SMMGFKMNY	A0301-Plate 1	A9	H-SMMGFKMNY-OH	NA	1108.367	2.216734	Bl. 02-A07	0.0026566801101081876	NA	NA	No	NA	NA	NA	NA
A18B226	AP0901_A9	110	55	49	43	-0.469505716239237	1	0	1	0	0.00358176375531708	0.0049627989066113	3	HLA-A03:01	QHD43415_1_orf1	KLFDRYFKY	A0301-Plate 1	A3	H-KLFDRYFKY-OH	NA	1279.499	2.558998	Bl. 02-A01	0.003520901350745791	NA	NA	No	NA	NA	NA	NA
A19B246	AP0901_A9	32	14	11	18	-0.472386488077442	1	0	1	0	0.00104196763791042	0.00144695222802756	119	HLA-A03:01	QHD43415_1_orf1	KTCGQQQTTLK	A0301-Plate 1	C23	H-KTCGQQQTTLK-OH	NA	1235.422	2.470844	Bl. 03-F07	0.0010242622111260482	NA	NA	No	NA	NA	NA	NA
A25B269	AP0901_A9	46	21	21	20	-0.481355265586096	1	0	1	0	0.00149782847949623	0.00209509245422136	288	HLA-A03:01	QHD43415_1_orf1	YVFTGYRVTK	A0301-Plate 2	O12	H-YVFTGYRVTK-OH	NA	1233.428	2.466856	Bl. 05-D08	0.0014723769284936943	NA	NA	No	NA	NA	NA	NA
A23B228	AP0901_A9	18	8	8	9	-0.519986881706486	1	0	1	0	5.86106796324613e-4	8.44234986954872e-4	65	HLA-A03:01	QHD43416_1_S_lc	GVYFASTEK	A0301-Plate 1	K5	H-GVYFASTEK-OH	NA	1001.099	2.002198	Bl. 03-B01	5.761474937584022e-4	NA	NA	No	NA	NA	NA	NA
A30B267	AP0901_A9	102	55	36	51	-0.522993452790491	1	0	1	0	0.00332127184583947	0.00477238434440939	296	HLA-A03:01	QHD43415_1_orf1	VMYMGTLSY	A0301-Plate 2	A20	H-VMYMGTLSY-OH	NA	1064.287	2.128574	Bl. 08-C05	0.0032648357979642786	NA	NA	No	NA	NA	NA	NA
A23B241	AP0901_A9	49	18	22	28	-0.524034699315045	1	0	1	0	0.00159551294555034	0.00229904062440386	162	HLA-A03:01	QHD43415_1_orf1	QLHNDILLAK	A0301-Plate 1	K18	H-QLHNDILLAK-OH	NA	1164.365	2.32873	Bl. 04-B02	0.0015684015107867615	NA	NA	No	NA	NA	NA	NA
A30B266	AP0901_A9	141	69	46	82	-0.527704113795488	1	0	1	0	0.0045911699045428	0.0066181625341172	295	HLA-A03:01	QHD43416_1_S_lc	VLKGVKLHY	A0301-Plate 2	A19	H-VLKGVKLHY-OH	NA	1056.312	2.112624	Bl. 08-C04	0.00451315536777415	NA	NA	No	NA	NA	NA	NA
A19B258	AP0901_A9	86	44	39	37	-0.531068090734861	1	0	1	0	0.00280028802688426	0.00405000431762509	205	HLA-A03:01	QHD43415_1_orf1	SLFDMSKFPLK	A0301-Plate 2	C1	H-SLFDMSKFPLK-OH	NA	1312.591	2.625182	Bl. 04-E09	0.0027527046924012547	NA	NA	No	NA	NA	NA	NA
A18B229	AP0901_A9	44	24	23	15	-0.545924891369256	1	0	1	0	0.00143270550212683	0.00209687998092294	6	HLA-A03:01	QHD43415_1_orf1	QLYLGGMSYY	A0301-Plate 1	A6	H-QLYLGGMSYY-OH	NA	1194.369	2.388738	Bl. 02-A04	0.0014083605402983163	NA	NA	No	NA	NA	NA	NA
A20B234	AP0901_A9	68	41	28	29	-0.57388936526516	1	0	1	0	0.00221418123055965	0.00329746554961177	35	HLA-A03:01	QHD43419_1_M_lc	ATSRTLSYYK	A0301-Plate 1	E11	H-ATSRTLSYYK-OH	NA	1189.329	2.378658	Bl. 02-C09	0.0021765571986428526	NA	NA	No	NA	NA	NA	NA
A22B231	AP0901_A9	73	50	20	36	-0.577874176260523	1	0	1	0	0.00237698867398315	0.00354462556685974	56	HLA-A03:01	QHD43415_1_orf1	GLQPSVGPK	A0301-Plate 1	I8	H-GLQPSVGPK-OH	NA	882.0227	1.7640454	Bl. 03-A04	0.0023365981691312976	NA	NA	No	NA	NA	NA	NA
A22B247	AP0901_A9	59	26	29	30	-0.578558418510677	1	0	1	0	0.00192112783239734	0.00287438081974144	156	HLA-A03:01	QHD43416_1_S_lc	NQFNSAIGK	A0301-Plate 1	I24	H-NQFNSAIGK-OH	NA	978.0679	1.9561358	Bl. 04-A08	0.0018884834517636515	NA	NA	No	NA	NA	NA	NA
A22B241	AP0901_A9	56	25	30	26	-0.585727559992483	1	0	1	0	0.00182344336634324	0.00274325164401185	150	HLA-A03:01	QHD43415_1_orf1	MSLSEQLRK	A0301-Plate 1	I18	H-MSLSEQLRK-OH	NA	1091.292	2.182584	Bl. 04-A02	0.0017924588694705845	NA	NA	No	NA	NA	NA	NA
A22B230	AP0901_A9	47	22	29	17	-0.588211892100875	1	0	1	0	0.00153038996818093	0.00230925211796514	55	HLA-A03:01	QHD43415_1_orf1	GLLMPLKAPK	A0301-Plate 1	I7	H-GLLMPLKAPK-OH	NA	1067.4	2.1348	Bl. 03-A03	0.0015043851225913835	NA	NA	No	NA	NA	NA	NA
A22B226	AP0901_A9	114	42	59	64	-0.588699150542372	1	0	1	0	0.00371200971005588	0.0055897227877733	51	HLA-A03:01	QHD43417_1_ORF3	FTIGTVTLK	A0301-Plate 1	I3	H-FTIGTVTLK-OH	NA	979.1797	1.9583594	Bl. 02-E01	0.003648934127136547	NA	NA	No	NA	NA	NA	NA
A25B245	AP0901_A9	41	15	11	34	-0.592926767959153	1	0	1	0	0.00133502103607273	0.00201390638369882	190	HLA-A03:01	QHD43421_1_ORF7	RSVSPKLFIR	A0301-Plate 1	O22	H-RSVSPKLFIR-OH	NA	1202.461	2.404922	Bl. 04-D06	0.0013123359580052493	NA	NA	No	NA	NA	NA	NA
A23B226	AP0901_A9	72	31	43	31	-0.600839896573697	1	0	1	0	0.00234442718529845	0.00356435001405651	63	HLA-A03:01	QHD43415_1_orf1	GVAMPNLYK	A0301-Plate 1	K3	H-GVAMPNLYK-OH	NA	992.2023	1.9844046	Bl. 03-A11	0.0023045899750336087	NA	NA	No	NA	NA	NA	NA
A30B265	AP0901_A9	87	49	37	43	-0.615911829824705	1	0	1	0	0.00283284951556896	0.00434382325285418	294	HLA-A03:01	QHD43420_1_ORF6	KVSIWNLDY	A0301-Plate 2	A18	H-KVSIWNLDY-OH	NA	1137.296	2.274592	Bl. 08-C03	0.0027847128864989436	NA	NA	No	NA	NA	NA	NA
A23B247	AP0901_A9	38	18	14	25	-0.630229556890819	1	0	1	0	0.00123733657001863	0.00191734228770404	168	HLA-A03:01	QHD43417_1_ORF3	QSASKIITLKK	A0301-Plate 1	K24	H-QSASKIITLKK-OH	NA	1216.482	2.432964	Bl. 04-B08	0.0012163113757121824	NA	NA	No	NA	NA	NA	NA
A24B259	AP0901_A9	24	9	16	11	-0.63797488965995	1	0	1	0	7.81475728432817e-4	0.00122532483902304	266	HLA-A03:01	QHD43415_1_orf1	VTFQSAVKR	A0301-Plate 2	M2	H-VTFQSAVKR-OH	NA	1035.207	2.070414	Bl. 05-B10	7.681966583445362e-4	NA	NA	No	NA	NA	NA	NA
A25B262	AP0901_A9	67	30	37	34	-0.645760220614644	1	0	1	0	0.00218161974187495	0.00342057540623903	281	HLA-A03:01	QHD43423_2_N_lc	YKTFPPTEPKK	A0301-Plate 2	O5	H-YKTFPPTEPKK-OH	NA	1335.561	2.671122	Bl. 05-D01	0.0021445490045451637	NA	NA	No	NA	NA	NA	NA
A25B224	AP0901_A9	49	22	24	29	-0.664224326778833	1	0	1	0	0.00159551294555034	0.00253392193012792	85	HLA-A03:01	QHD43420_1_ORF6	INLIIKNLSK	A0301-Plate 1	O1	H-INLIIKNLSK-OH	NA	1155.442	2.310884	Bl. 03-C09	0.0015684015107867615	NA	NA	No	NA	NA	NA	NA
A20B231	AP0901_A9	80	45	41	37	-0.671167311288176	1	0	1	0	0.00260491909477606	0.00415316692658461	32	HLA-A03:01	QHD43415_1_orf1	ASMPTTIAK	A0301-Plate 1	E8	H-ASMPTTIAK-OH	NA	919.105	1.83821	Bl. 02-C06	0.002560655527815121	NA	NA	No	NA	NA	NA	NA
A25B232	AP0901_A9	62	36	30	31	-0.694208412856772	1	0	1	0	0.00201881229845145	0.0032707349157017	93	HLA-A03:01	QHD43415_1_orf1	KGLQPSVGPK	A0301-Plate 1	O9	H-KGLQPSVGPK-OH	NA	1010.197	2.020394	Bl. 03-D05	0.0019845080340567187	NA	NA	No	NA	NA	NA	NA
A22B268	AP0901_A9	91	42	45	56	-0.703197577584912	1	0	1	0	0.00296309547030777	0.0048299390949702	251	HLA-A03:01	QHD43415_1_orf1	VAYRKVLLR	A0301-Plate 2	I11	H-VAYRKVLLR-OH	NA	1117.398	2.234796	Bl. 05-A07	0.0029127456628896997	NA	NA	No	NA	NA	NA	NA
A21B258	AP0901_A9	94	54	42	54	-0.721705919007035	1	0	1	0	0.00306077993636187	0.00505092007214969	229	HLA-A03:01	QHD43415_1_orf1	TIQPRVEKK	A0301-Plate 2	G1	H-TIQPRVEKK-OH	NA	1098.306	2.196612	Bl. 04-G09	0.003008770245182767	NA	NA	No	NA	NA	NA	NA
A18B247	AP0901_A9	24	10	13	16	-0.748076809340225	1	0	1	0	7.81475728432817e-4	0.0013194549964912	108	HLA-A03:01	QHD43415_1_orf1	KMFYKGVITH	A0301-Plate 1	A24	H-KMFYKGVITH-OH	NA	1223.5	2.447	Bl. 03-E08	7.681966583445362e-4	NA	NA	No	NA	NA	NA	NA
A23B229	AP0901_A9	79	47	35	48	-0.765056531955405	1	0	1	0	0.00257235760609136	0.00437481327918582	66	HLA-A03:01	QHD43415_1_orf1	GVYSVIYLY	A0301-Plate 1	K6	H-GVYSVIYLY-OH	NA	1076.252	2.152504	Bl. 03-B02	0.0025286473337174315	NA	NA	No	NA	NA	NA	NA
A24B258	AP0901_A9	82	59	39	37	-0.76539284254546	1	0	1	0	0.00267004207214546	0.00454166761312345	265	HLA-A03:01	QHD43416_1_S_lc	VRQIAPGQTGK	A0301-Plate 2	M1	H-VRQIAPGQTGK-OH	NA	1154.33	2.30866	Bl. 05-B09	0.0026246719160104987	NA	NA	No	NA	NA	NA	NA
A18B228	AP0901_A9	49	25	35	23	-0.81556695221714	1	0	1	0	0.00159551294555034	0.00281905617083296	5	HLA-A03:01	QHD43415_1_orf1	QLYLGGMSY	A0301-Plate 1	A5	H-QLYLGGMSY-OH	NA	1031.193	2.062386	Bl. 02-A03	0.0015684015107867615	NA	NA	No	NA	NA	NA	NA
A18B244	AP0901_A9	48	25	34	24	-0.844484077834496	1	0	1	0	0.00156295145686563	0.00281724968053469	105	HLA-A03:01	QHD43415_1_orf1	KLSYGIATVR	A0301-Plate 1	A21	H-KLSYGIATVR-OH	NA	1107.313	2.214626	Bl. 03-E05	0.0015363933166890724	NA	NA	No	NA	NA	NA	NA
A18B246	AP0901_A9	35	18	25	19	-0.877310247583953	1	0	1	0	0.00113965210396453	0.00210414386930941	107	HLA-A03:01	QHD43415_1_orf1	KLVSSFLEMK	A0301-Plate 1	A23	H-KLVSSFLEMK-OH	NA	1181.457	2.362914	Bl. 03-E07	0.0011202867934191152	NA	NA	No	NA	NA	NA	NA
A25B247	AP0901_A9	35	20	15	28	-0.89132028289408	1	0	1	0	0.00113965210396453	0.00211824803472826	192	HLA-A03:01	QHD43418_1_E_lc	RVKNLNSSR	A0301-Plate 1	O24	H-RVKNLNSSR-OH	NA	1073.216	2.146432	Bl. 04-D08	0.0011202867934191152	NA	NA	No	NA	NA	NA	NA
A23B265	AP0901_A9	25	15	15	15	-0.893934983445187	1	0	1	0	8.14037217117518e-4	0.00152034177991874	260	HLA-A03:01	QHD43415_1_orf1	VLTAVVIPTK	A0301-Plate 2	K8	H-VLTAVVIPTK-OH	NA	1040.307	2.080614	Bl. 05-B04	8.002048524422252e-4	NA	NA	No	NA	NA	NA	NA
A25B227	AP0901_A9	63	44	29	41	-0.899969465127	1	0	1	0	0.00205137378713615	0.00383162318865312	88	HLA-A03:01	QHD43415_1_orf1	KAIVSTIQRK	A0301-Plate 1	O4	H-KAIVSTIQRK-OH	NA	1143.391	2.286782	Bl. 03-C12	0.0020165162281544076	NA	NA	No	NA	NA	NA	NA
A25B243	AP0901_A9	14	8	9	9	-0.933941110561105	1	0	1	0	4.5586084158581e-4	8.79427514918021e-4	188	HLA-A03:01	QHD43415_1_orf1	RQVVNVVTTK	A0301-Plate 1	O20	H-RQVVNVVTTK-OH	NA	1143.347	2.286694	Bl. 04-D04	4.4811471736764613e-4	NA	NA	No	NA	NA	NA	NA
A18B259	AP0901_A9	90	50	55	61	-0.934852562837544	1	0	1	0	0.00293053398162307	0.00561101498719186	194	HLA-A03:01	QHD43415_1_orf1	RVVRSIFSR	A0301-Plate 2	A2	H-RVVRSIFSR-OH	NA	1119.33	2.23866	Bl. 04-D10	0.002880737468792011	NA	NA	No	NA	NA	NA	NA
A18B268	AP0901_A9	79	46	53	48	-0.94883918492772	1	0	1	0	0.00257235760609136	0.00497550122948927	203	HLA-A03:01	QHD43415_1_orf1	SIINNTVYTK	A0301-Plate 2	A11	H-SIINNTVYTK-OH	NA	1152.308	2.304616	Bl. 04-E07	0.0025286473337174315	NA	NA	No	NA	NA	NA	NA
A18B235	AP0901_A9	81	53	51	49	-0.968052779057583	1	0	1	0	0.00263748058346076	0.00516794508246041	12	HLA-A03:01	QHD43415_1_orf1	AIVSTIQRK	A0301-Plate 1	A12	H-AIVSTIQRK-OH	NA	1015.216	2.030432	Bl. 02-A10	0.0025926637219128097	NA	NA	No	NA	NA	NA	NA
A30B263	AP0901_A9	20	11	10	18	-1.00440381423042	1	0	1	0	6.51229773694014e-4	0.00131342704096474	292	HLA-A03:01	QHD43419_1_M_lc	ATSRTLSYY	A0301-Plate 2	A16	H-ATSRTLSYY-OH	NA	1061.155	2.12231	Bl. 08-C01	6.401638819537802e-4	NA	NA	No	NA	NA	NA	NA
A23B261	AP0901_A9	5	2	4	4	-1.01774907212404	1	0	1	0	1.62807443423504e-4	3.3986936857855e-4	256	HLA-A03:01	QHD43415_1_orf1	VLLRKNGNK	A0301-Plate 2	K4	H-VLLRKNGNK-OH	NA	1041.257	2.082514	Bl. 05-A12	1.6004097048844505e-4	NA	NA	No	NA	NA	NA	NA
A25B233	AP0901_A9	17	16	9	10	-1.07821512607814	1	0	1	0	5.53545307639912e-4	0.00117503397684869	94	HLA-A03:01	QHD43415_1_orf1	KIAEIPKEEVK	A0301-Plate 1	O10	H-KIAEIPKEEVK-OH	NA	1283.526	2.567052	Bl. 03-D06	5.441392996607131e-4	NA	NA	No	NA	NA	NA	NA
A25B231	AP0901_A9	24	19	11	21	-1.12562300541091	1	0	1	0	7.81475728432817e-4	0.00171099810618831	92	HLA-A03:01	QHD43416_1_S_lc	KGIYQTSNFR	A0301-Plate 1	O8	H-KGIYQTSNFR-OH	NA	1213.354	2.426708	Bl. 03-D04	7.681966583445362e-4	NA	NA	No	NA	NA	NA	NA
A23B233	AP0901_A9	44	41	26	27	-1.13817296761431	1	0	1	0	0.00143270550212683	0.00316030841835572	70	HLA-A03:01	QHD43415_1_orf1	HLYFDKAGQK	A0301-Plate 1	K10	H-HLYFDKAGQK-OH	NA	1206.362	2.412724	Bl. 03-B06	0.0014083605402983163	NA	NA	No	NA	NA	NA	NA
A25B267	AP0901_A9	7	6	3	8	-1.29720117052864	1	0	1	0	2.27930420792905e-4	5.69331203407806e-4	286	HLA-A03:01	QHD43419_1_M_lc	YSRYRIGNYK	A0301-Plate 2	O10	H-YSRYRIGNYK-OH	NA	1319.481	2.638962	Bl. 05-D06	2.2405735868382307e-4	NA	NA	No	NA	NA	NA	NA
A18B267	AP0901_A9	29	31	19	30	-1.50226836351836	1	0	1	0	9.44283171856321e-4	0.00268634330527607	202	HLA-A03:01	QHD43415_1_orf1	SIIIGGAKLK	A0301-Plate 2	A10	H-SIIIGGAKLK-OH	NA	999.2574	1.9985148	Bl. 04-E06	9.282376288329813e-4	NA	NA	No	NA	NA	NA	NA
A25B265	AP0901_A9	0	0	0	1	-2.34245199210052	1	0	1	0	0	3.33860376648772e-5	284	HLA-A03:01	QHD43417_1_ORF3	YQIGGYTEK	A0301-Plate 2	O8	H-YQIGGYTEK-OH	NA	1058.151	2.116302	Bl. 05-D04	0	NA	NA	No	NA	NA	NA	NA
A25B244	AP0901_A9	2	5	3	4	-2.49124299588161	1	0	1	0	6.51229773694015e-5	4.03009499715073e-4	189	HLA-A03:01	QHD43416_1_S_lc	RSFIEDLLFNK	A0301-Plate 1	O21	H-RSFIEDLLFNK-OH	NA	1381.59	2.76318	Bl. 04-D05	6.401638819537802e-5	NA	NA	No	NA	NA	NA	NA
NA	Total counts	31242	NA	NA	NA	NA	NA	NA	NA	Sum count.norm.	0	NA	NA	NA	NA	NA	NA	NA	NA	NA	NA	NA	NA	NA	NA	NA	NA	NA	NA	NA	NA
