barcode	sample	count.1	input.1	input.2	input.3	log_fold_change	p	-log10(p)	masked_p (p = 1 if logFC < 0)	-log10(masked_p)	count.normalised (edgeR)	input.normalised (edgeR)	Number	HLA	Protein	Peptide	Plate.layout	Well.position	X8	X9	X10	X11	Pepscan.peptide.locations	Count_fraction	Est. frequency	Est. frequency (norm. count)	HLA-Match (Y/N)	Exp. response (%)	Obs. response (Y/N)	...31	HLA-typing	...33
A1B244	AP1901_E7_A2	2172	115	143	137	4.62706721234053	1.24747465351961e-18	17.9039682697113	1.24747465351961e-18	17.903968269711299	0.103222395197514	0.00417370327399664	105	HLA-A02:01	QHD43416_1_S_lc	FLPFFSNV	A0201-Plate 1	A21	H-FLPFFSNV-OH	NA	970.1307	1.9402614	Bl. 15-B11	0.07990875979544534	8.949781097089878e-4	0.003676904474002421	No	NA	NA	NA	HLA 1	NA
A8B245	AP1901_E7_A2	3727	260	243	315	4.36251331706233	4.05681168107353e-17	16.3918151519626	4.05681168107353e-17	16.3918151519626	0.177122406492235	0.00860564218156983	178	HLA-A02:01	QHD43415_1_orf1	MLAKALRKV	A0201-Plate 1	M22	H-MLAKALRKV-OH	NA	1029.354	2.058708	Bl. 16-C02	0.13711783966741473	0.0015357198042750448	0.006309310761789602	No	NA	NA	NA	HLA 2	NA
A8B240	AP1901_E7_A2	352	85	99	77	2.59591830769504	1.33013432796056e-5	4.8761044981711	1.33013432796056e-5	4.8761044981710997	0.0167284913027278	0.00276467719049664	173	HLA-A02:01	QHD43415_1_orf1	LLMPILTLT	A0201-Plate 1	M17	H-LLMPILTLT-OH	NA	1014.333	2.028666	Bl. 16-B09	0.012950222581950627	1.45042492917847e-4	5.958887545344599e-4	No	NA	NA	NA	HLA 3	NA
A11B252	AP1901_E7_A2	365	95	101	102	2.46169033072344	4.11124840730143e-5	4.38602628175504	4.11124840730143e-5	4.3860262817550399	0.0173463049019763	0.00314572138975337	209	HLA-A02:01	QHD43415_1_orf1	SLDTYPSLETI	A0201-Plate 2	C5	H-SLDTYPSLETI-OH	NA	1238.352	2.476704	Bl. 01-C06	0.013428497847761303	1.503991758949266e-4	6.178960096735177e-4	No	NA	NA	NA	NA	NA
A8B229	AP1901_E7_A2	214	103	73	92	1.84872086331749	0.0130041045504491	1.88591954751945	0.0130041045504491	1.8859195475194499	0.0101701623260902	0.00281986677811861	78	HLA-A02:01	QHD43415_1_orf1	ALWEIQQV	A0201-Plate 1	M6	H-ALWEIQQV-OH	NA	986.1308	1.9722616	Bl. 14-H08	0.007873146683344984	8.817924285346382e-5	3.622732769044729e-4	No	NA	NA	NA	PE+ population	NA
A30B250	AP1901_E7_A2	1	0	0	1	1.80429922420776	1	0	1	0	4.75241230191131e-5	1.01614720466689e-5	231	HLA-A02:01	QHD43415_1_orf1	TLGVLVPHV	A0201-Plate 2	G3	H-TLGVLVPHV-OH	NA	934.1418	1.8682836	Bl. 01-E04	3.679040506235974e-5	4.1205253669842904e-7	1.692865779927444e-6	No	NA	NA	NA	%	0.0112
A11B248	AP1901_E7_A2	134	70	64	52	1.6927317456314	0.0400889203866744	1.39697563934497	0.0400889203866744	1.3969756393449699	0.00636823248456116	0.00196786355204347	205	HLA-A02:01	QHD43415_1_orf1	RTIKVFTTV	A0201-Plate 2	C1	H-RTIKVFTTV-OH	NA	1064.288	2.128576	Bl. 01-C02	0.004929914278356205	5.5215039917589497e-5	2.2684401451027766e-4	No	NA	NA	NA	NA	NA
A3B238	AP1901_E7_A2	249	114	125	120	1.64081386963397	0.0400889203866744	1.39697563934497	0.0400889203866744	1.3969756393449699	0.0118335066317592	0.00379230969143503	123	HLA-A02:01	QHD43419_1_M_lc	GLMWLSYFI	A0201-Plate 1	E15	H-GLMWLSYFI-OH	NA	1129.383	2.258766	Bl. 15-D05	0.009160810860527575	1.0260108163790884e-4	4.2152357920193493e-4	No	NA	NA	NA	NA	NA
A1B246	AP1901_E7_A2	284	148	145	122	1.61974972153034	0.0400889203866744	1.39697563934497	0.0400889203866744	1.3969756393449699	0.0134968509374281	0.00438976740684686	107	HLA-A02:01	QHD43415_1_orf1	FLPRVFSAV	A0201-Plate 1	A23	H-FLPRVFSAV-OH	NA	1035.249	2.070498	Bl. 15-C01	0.010448475037710165	1.1702292042235385e-4	4.807738814993933e-4	No	NA	NA	NA	NA	NA
A2B245	AP1901_E7_A2	209	108	111	134	1.41665423984784	0.153183195869947	0.81478887400649	0.153183195869947	0.81478887400649003	0.00993254171099464	0.00371745956517381	118	HLA-A02:01	QHD43417_1_ORF3	FVTVYSHLL	A0201-Plate 1	C22	H-FVTVYSHLL-OH	NA	1078.271	2.156542	Bl. 15-C12	0.007689194658033185	8.611898016997167e-5	3.5380894800483587e-4	No	NA	NA	NA	NA	NA
A2B241	AP1901_E7_A2	129	95	58	85	1.29218132236427	0.23573291853062	0.627579766911569	0.23573291853062	0.62757976691156903	0.00613061186946559	0.00249961927663151	114	HLA-A02:01	QHD43415_1_orf1	FLYENAFLPFA	A0201-Plate 1	C18	H-FLYENAFLPFA-OH	NA	1331.528	2.663056	Bl. 15-C08	0.004745962253044406	5.315477723409735e-5	2.183796856106403e-4	No	NA	NA	NA	NA	NA
A12B252	AP1901_E7_A2	118	74	68	76	1.28553778214976	0.23573291853062	0.627579766911569	0.23573291853062	0.62757976691156903	0.00560784651625535	0.00229776841441467	221	HLA-A02:01	QHD43415_1_orf1	SMWALIISV	A0201-Plate 2	E5	H-SMWALIISV-OH	NA	1019.268	2.038536	Bl. 01-D06	0.004341267797358449	4.8622199330414624e-5	1.9975816203143853e-4	No	NA	NA	NA	NA	NA
A15B249	AP1901_E7_A2	77	51	36	56	1.28222399325637	0.284613649165608	0.545744276369915	0.284613649165608	0.54574427636991496	0.00365935747247171	0.0015007944178696	254	HLA-A02:01	QHD43416_1_S_lc	YHLMSFPQSA	A0201-Plate 2	K2	H-YHLMSFPQSA-OH	NA	1180.345	2.36069	Bl. 01-G03	0.0028328611898017	3.172804532577904e-5	1.3035066505441323e-4	No	NA	NA	NA	NA	NA
A6B232	AP1901_E7_A2	238	159	131	158	1.260856351314	0.23573291853062	0.627579766911569	0.23573291853062	0.62757976691156903	0.0113107412785489	0.00471695400747429	57	HLA-A02:01	QHI42199_1_ORF1	NVFAFPFTI	A0201-Plate 1	I9	H-NVFAFPFTI-OH	NA	1055.236	2.110472	Bl. 14-F11	0.008756116404841618	9.806850373422612e-5	4.0290205562273104e-4	No	NA	NA	NA	NA	NA
A8B232	AP1901_E7_A2	237	176	145	160	1.15088036018039	0.335077344262061	0.474854935323774	0.335077344262061	0.47485493532377399	0.0112632171555298	0.0050698775547458	81	HLA-A02:01	QHD43415_1_orf1	APTLVPQEHYV	A0201-Plate 1	M9	H-APTLVPQEHYV-OH	NA	1253.416	2.506832	Bl. 14-H11	0.008719325999779258	9.765645119752768e-5	4.0120918984280405e-4	No	NA	NA	NA	NA	NA
A11B258	AP1901_E7_A2	159	118	113	105	1.0892473203968	0.396061677054733	0.402237177915939	0.396061677054733	0.40223717791593899	0.00755633556003899	0.00354978427391042	215	HLA-A02:01	QHD43415_1_orf1	SLKVPATVSV	A0201-Plate 2	C11	H-SLKVPATVSV-OH	NA	1000.198	2.000396	Bl. 01-C12	0.005849674404915198	6.551635333505021e-5	2.691656590084638e-4	No	NA	NA	NA	NA	NA
A11B250	AP1901_E7_A2	124	96	73	96	1.07870543314484	0.424457526756247	0.372165760822271	0.424457526756247	0.37216576082227099	0.00589299125437003	0.00278701911377391	207	HLA-A02:01	QHD43416_1_S_lc	SFELLHAPATV	A0201-Plate 2	C3	H-SFELLHAPATV-OH	NA	1184.353	2.368706	Bl. 01-C04	0.004562010227732607	5.10945145506052e-5	2.0991535671100326e-4	No	NA	NA	NA	NA	NA
A12B249	AP1901_E7_A2	82	57	55	66	1.05381596914032	0.450015343160148	0.346772678810897	0.450015343160148	0.34677267881089702	0.00389697808756728	0.00187456139514953	218	HLA-A02:01	QHD43416_1_S_lc	SLQTYVTQQL	A0201-Plate 2	E2	H-SLQTYVTQQL-OH	NA	1180.318	2.360636	Bl. 01-D03	0.0030168132151134983	3.378830800927118e-5	1.3881499395405062e-4	No	NA	NA	NA	NA	NA
A12B248	AP1901_E7_A2	63	45	48	44	1.04643876526083	0.457545544216947	0.339565669646415	0.457545544216947	0.33956566964641499	0.00299401975020413	0.00144796193226804	217	HLA-A02:01	QHD43415_1_orf1	SLPGVFCGV	A0201-Plate 2	E1	H-SLPGVFCGV-OH	OK	878.055	1.75611	Bl. 01-D02	0.0023177955189286636	2.5959309812001032e-5	1.0665054413542914e-4	No	NA	NA	NA	NA	NA
A16B249	AP1901_E7_A2	106	88	62	92	0.98527918683556	0.457545544216947	0.339565669646415	0.457545544216947	0.33956566964641499	0.00503755704002599	0.00254128924594574	266	HLA-A02:01	QHD43415_1_orf1	YLYFIKGLNNL	A0201-Plate 2	M2	H-YLYFIKGLNNL-OH	NA	1357.611	2.715222	Bl. 01-H03	0.003899782936610132	4.367756889003348e-5	1.794437726723091e-4	No	NA	NA	NA	NA	NA
A5B231	AP1901_E7_A2	109	90	76	85	0.968328793411404	0.457545544216947	0.339565669646415	0.457545544216947	0.33956566964641499	0.00518012940908333	0.00264527336080142	44	HLA-A02:01	QHD43416_1_S_lc	VLNDILSRL	A0201-Plate 1	G8	H-VLNDILSRL-OH	NA	1042.239	2.084478	Bl. 14-E10	0.004010154151797211	4.491372650012877e-5	1.8452237001209147e-4	No	NA	NA	NA	NA	NA
A6B238	AP1901_E7_A2	374	263	302	304	0.95374711619184	0.457545544216947	0.339565669646415	0.457545544216947	0.33956566964641499	0.0177740220091483	0.00917485318425985	147	HLA-A02:01	QHD43415_1_orf1	KLKDCVMYA	A0201-Plate 1	I15	H-KLKDCVMYA-OH	NA	1070.337	2.140674	Bl. 15-F05	0.013759611493322542	1.5410764872521247e-4	6.331318016928641e-4	No	NA	NA	NA	NA	NA
A5B238	AP1901_E7_A2	109	61	124	66	0.9534162289411	0.457545544216947	0.339565669646415	0.457545544216947	0.33956566964641499	0.00518012940908333	0.00267613071308329	135	HLA-A02:01	QHD43415_1_orf1	ILGLPTQTV	A0201-Plate 1	G15	H-ILGLPTQTV-OH	NA	941.1308	1.8822616	Bl. 15-E05	0.004010154151797211	4.491372650012877e-5	1.8452237001209147e-4	No	NA	NA	NA	NA	NA
A2B234	AP1901_E7_A2	124	110	94	95	0.900517125799436	0.521481277081105	0.282761279579404	0.521481277081105	0.282761279579404	0.00589299125437003	0.00315501913876438	23	HLA-A02:01	QHD43423_2_N_lc	VLQLPQGTTL	A0201-Plate 1	C11	H-VLQLPQGTTL-OH	NA	1069.262	2.138524	Bl. 14-D01	0.004562010227732607	5.10945145506052e-5	2.0991535671100326e-4	No	NA	NA	NA	NA	NA
A12B250	AP1901_E7_A2	68	49	53	64	0.884471013113344	0.586835108339942	0.231483911696175	0.586835108339942	0.23148391169617499	0.00323164036529969	0.0017482292108323	219	HLA-A02:01	QHD43418_1_E_lc	SLVKPSFYV	A0201-Plate 2	E3	H-SLVKPSFYV-OH	NA	1039.235	2.07847	Bl. 01-D04	0.002501747544240462	2.8019572495493175e-5	1.1511487303506615e-4	No	NA	NA	NA	NA	NA
A7B244	AP1901_E7_A2	319	279	267	256	0.839642642842592	0.562676708600714	0.249741061628555	0.562676708600714	0.249741061628555	0.0151601952430971	0.00846979713565798	165	HLA-A02:01	QHD43415_1_orf1	KNLSDRVVFV	A0201-Plate 1	K21	H-KNLSDRVVFV-OH	NA	1176.376	2.352752	Bl. 16-B01	0.011736139214892756	1.3144475920679887e-4	5.400241837968554e-4	No	NA	NA	NA	NA	NA
A2B226	AP1901_E7_A2	150	138	114	126	0.838603593720028	0.586835108339942	0.231483911696175	0.586835108339942	0.23148391169617499	0.00712861845286697	0.00398416506993129	15	HLA-A02:01	QHD43415_1_orf1	TVYEKLKPV	A0201-Plate 1	C3	H-TVYEKLKPV-OH	NA	1076.296	2.152592	Bl. 14-C05	0.00551856075935396	6.180788050476436e-5	2.539298669891168e-4	No	NA	NA	NA	NA	NA
A5B241	AP1901_E7_A2	96	78	88	76	0.833099809325913	0.5992857575641	0.222366043486261	0.5992857575641	0.22236604348626099	0.00456231580983486	0.00255993081774154	138	HLA-A02:01	QHD43415_1_orf1	ILSPLYAFA	A0201-Plate 1	G18	H-ILSPLYAFA-OH	NA	994.1936	1.9883872	Bl. 15-E08	0.0035318788859865346	3.9557043523049186e-5	1.625151148730347e-4	No	NA	NA	NA	NA	NA
A3B232	AP1901_E7_A2	123	106	103	106	0.813729829129938	0.5992857575641	0.222366043486261	0.5992857575641	0.22236604348626099	0.00584546713135092	0.00332387375496311	33	HLA-A02:01	QHD43416_1_S_lc	KIADYNYKL	A0201-Plate 1	E9	H-KIADYNYKL-OH	NA	1127.301	2.254602	Bl. 14-D11	0.0045252198226702475	5.0682462013906774e-5	2.082224909310759e-4	No	NA	NA	NA	NA	NA
A1B234	AP1901_E7_A2	98	90	71	91	0.811497492312111	0.606867288921204	0.216906271018151	0.606867288921204	0.21690627101815099	0.00465736405587309	0.00265120067118277	11	HLA-A02:01	QHD43415_1_orf1	LMIERFVSL	A0201-Plate 1	A11	H-LMIERFVSL-OH	NA	1107.378	2.214756	Bl. 14-C01	0.0036054596961112542	4.0381148596446046e-5	1.6590084643288973e-4	No	NA	NA	NA	NA	NA
A11B253	AP1901_E7_A2	87	72	58	95	0.807053110411551	0.622395866924115	0.205933299980466	0.622395866924115	0.205933299980466	0.00413459870266284	0.00235975518163794	210	HLA-A02:01	QHD43415_1_orf1	SLENVAFNV	A0201-Plate 2	C6	H-SLENVAFNV-OH	NA	992.0916	1.9841832	Bl. 01-C07	0.0032007652404252972	3.584857069276333e-5	1.4727932285368766e-4	No	NA	NA	NA	NA	NA
A8B227	AP1901_E7_A2	190	164	143	184	0.804976197688883	0.5992857575641	0.222366043486261	0.5992857575641	0.22236604348626099	0.00902958337363149	0.00516574732790974	76	HLA-A02:01	QHD43417_1_ORF3	ALSKGVHFV	A0201-Plate 1	M4	H-ALSKGVHFV-OH	NA	957.1357	1.9142714	Bl. 14-H06	0.00699017696184835	7.828998197270151e-5	3.2164449818621434e-4	No	NA	NA	NA	NA	NA
A7B233	AP1901_E7_A2	80	69	63	76	0.794187611306651	0.627211538297362	0.202585960889972	0.627211538297362	0.20258596088997199	0.00380192984152905	0.00219023149785073	70	HLA-A02:01	QHD43417_1_ORF3	ALLAVFQSA	A0201-Plate 1	K10	H-ALLAVFQSA-OH	NA	919.0836	1.8381672	Bl. 14-G12	0.002943232404988779	3.296420293587433e-5	1.3542926239419557e-4	No	NA	NA	NA	NA	NA
A3B236	AP1901_E7_A2	141	133	111	130	0.765642442053086	0.627211538297362	0.202585960889972	0.627211538297362	0.20258596088997199	0.00670090134569495	0.00393929065031349	121	HLA-A02:01	QHD43415_1_orf1	GLFKDCSKV	A0201-Plate 1	E13	H-GLFKDCSKV-OH	OK	996.1907	1.9923814	Bl. 15-D03	0.005187447113792723	5.80994076744785e-5	2.386940749697697e-4	No	NA	NA	NA	NA	NA
A7B237	AP1901_E7_A2	191	157	160	192	0.759242368323676	0.627211538297362	0.202585960889972	0.627211538297362	0.20258596088997199	0.00907710749665061	0.00536068672620716	158	HLA-A02:01	QHD43416_1_S_lc	KLPDDFTGC	A0201-Plate 1	K14	H-KLPDDFTGC-OH	NA	995.1161	1.9902322	Bl. 16-A06	0.0070269673669107096	7.870203450939994e-5	3.233373639661421e-4	No	NA	NA	NA	NA	NA
A3B233	AP1901_E7_A2	74	75	65	58	0.748331888054652	0.688323092663356	0.162207659985663	0.688323092663356	0.162207659985663	0.00351678510341437	0.00209233608336849	34	HLA-A02:01	QHD43415_1_orf1	KVDGVDVEL	A0201-Plate 1	E10	H-KVDGVDVEL-OH	NA	973.0865	1.946173	Bl. 14-D12	0.0027224899746146206	3.049188771568375e-5	1.252720677146309e-4	No	NA	NA	NA	NA	NA
A14B255	AP1901_E7_A2	61	50	54	66	0.693905857026943	0.792926440273969	0.100767100280001	0.792926440273969	0.10076710028000101	0.0028989715041659	0.00179005953823842	248	HLA-A02:01	QHD43415_1_orf1	VLWAHGFEL	A0201-Plate 2	I8	H-VLWAHGFEL-OH	NA	1071.239	2.142478	Bl. 01-F09	0.002244214708803944	2.5135204738604172e-5	1.0326481257557412e-4	No	NA	NA	NA	NA	NA
A5B245	AP1901_E7_A2	100	103	96	85	0.662332585300598	0.792926440273969	0.100767100280001	0.792926440273969	0.10076710028000101	0.00475241230191131	0.00300192747452577	142	HLA-A02:01	QHD43415_1_orf1	KIFVDGVPFV	A0201-Plate 1	G22	H-KIFVDGVPFV-OH	NA	1120.352	2.240704	Bl. 15-E12	0.0036790405062359735	4.12052536698429e-5	1.6928657799274442e-4	No	NA	NA	NA	NA	NA
A11B254	AP1901_E7_A2	131	113	132	129	0.655863696587545	0.792926440273969	0.100767100280001	0.792926440273969	0.10076710028000101	0.00622566011550382	0.00395032199158012	211	HLA-A02:01	QHD43415_1_orf1	SLETIQITI	A0201-Plate 2	C7	H-SLETIQITI-OH	NA	1017.183	2.034366	Bl. 01-C08	0.004819543063169125	5.39788823074942e-5	2.2176541717049532e-4	No	NA	NA	NA	NA	NA
A12B256	AP1901_E7_A2	94	97	68	105	0.655105626354389	0.792926440273969	0.100767100280001	0.792926440273969	0.10076710028000101	0.00446726756379663	0.00283392991922832	225	HLA-A02:01	QHD43415_1_orf1	STSAFVETV	A0201-Plate 2	E9	H-STSAFVETV-OH	NA	940.0127	1.8800254	Bl. 01-D10	0.0034582980758618154	3.873293844965233e-5	1.5912938331317966e-4	No	NA	NA	NA	NA	NA
A12B257	AP1901_E7_A2	56	52	56	53	0.644914578829429	0.820237992211647	0.0860601187040516	0.820237992211647	8.60601187040516E-2	0.00266135088907034	0.0017009751682573	226	HLA-A02:01	QHD43416_1_S_lc	SVLNDILSRL	A0201-Plate 2	E10	H-SVLNDILSRL-OH	NA	1129.317	2.258634	Bl. 01-D11	0.0020602626834921455	2.307494205511203e-5	9.48004836759371e-5	No	NA	NA	NA	NA	NA
A7B240	AP1901_E7_A2	132	121	130	129	0.644351158959855	0.792926440273969	0.100767100280001	0.792926440273969	0.10076710028000101	0.00627318423852293	0.00401229801428509	161	HLA-A02:01	QHD43415_1_orf1	KLSYGIATV	A0201-Plate 1	K17	H-KLSYGIATV-OH	NA	951.1259	1.9022518	Bl. 16-A09	0.004856333468231485	5.439093484419263e-5	2.2345828295042264e-4	No	NA	NA	NA	NA	NA
A3B237	AP1901_E7_A2	162	167	150	155	0.62821678962006	0.792926440273969	0.100767100280001	0.792926440273969	0.10076710028000101	0.00769890792909633	0.00497962000601363	122	HLA-A02:01	QHD43415_1_orf1	GLLPPKNSI	A0201-Plate 1	E14	H-GLLPPKNSI-OH	NA	938.1302	1.8762604	Bl. 15-D04	0.0059600456201022774	6.67525109451455e-5	2.742442563482462e-4	No	NA	NA	NA	NA	NA
A30B253	AP1901_E7_A2	66	57	52	85	0.622326940684803	0.820237992211647	0.0860601187040516	0.820237992211647	8.60601187040516E-2	0.00313659211926147	0.00203460445089705	234	HLA-A02:01	QHD43415_1_orf1	TLMNVLTLV	A0201-Plate 2	G6	H-TLMNVLTLV-OH	NA	1003.266	2.006532	Bl. 01-E07	0.0024281667341157424	2.7195467422096315e-5	1.117291414752115e-4	No	NA	NA	NA	NA	NA
A7B245	AP1901_E7_A2	128	132	115	128	0.621434126450159	0.814349981512995	0.0891889091477956	0.814349981512995	8.9188909147795606E-2	0.00608308774644648	0.00395250184480603	166	HLA-A02:01	QHD43415_1_orf1	KQGDDYVYL	A0201-Plate 1	K22	H-KQGDDYVYL-OH	NA	1100.188	2.200376	Bl. 16-B02	0.004709171847982046	5.274272469739892e-5	2.1668681983071298e-4	No	NA	NA	NA	NA	NA
A9B232	AP1901_E7_A2	120	118	118	118	0.609391307063133	0.820237992211647	0.0860601187040516	0.820237992211647	8.60601187040516E-2	0.00570289476229358	0.00373692493241578	93	HLA-A02:01	QHD43415_1_orf1	FITESKPSV	A0201-Plate 1	O9	H-FITESKPSV-OH	NA	1007.147	2.014294	Bl. 15-A11	0.004414848607483169	4.944630440381149e-5	2.0314389359129355e-4	No	NA	NA	NA	NA	NA
A7B247	AP1901_E7_A2	96	92	97	95	0.604745836486967	0.820237992211647	0.0860601187040516	0.820237992211647	8.60601187040516E-2	0.00456231580983486	0.0029990606311086	168	HLA-A02:01	QHD43416_1_S_lc	LLFNKVTLA	A0201-Plate 1	K24	H-LLFNKVTLA-OH	OK	1018.26	2.03652	Bl. 16-B04	0.0035318788859865346	3.9557043523049186e-5	1.625151148730347e-4	No	NA	NA	NA	NA	NA
A6B247	AP1901_E7_A2	114	99	105	135	0.602109505152321	0.820237992211647	0.0860601187040516	0.820237992211647	8.60601187040516E-2	0.0054177500241789	0.0035670795005446	156	HLA-A02:01	QHD43415_1_orf1	KLNIKLLGV	A0201-Plate 1	I24	H-KLNIKLLGV-OH	NA	997.2849	1.9945698	Bl. 16-A04	0.00419410617710901	4.697398918362091e-5	1.9298669891172886e-4	No	NA	NA	NA	NA	NA
A8B242	AP1901_E7_A2	142	133	121	169	0.6013544098875	0.820237992211647	0.0860601187040516	0.820237992211647	8.60601187040516E-2	0.00674842546871406	0.00444567110393091	175	HLA-A02:01	QHD43419_1_M_lc	LLWPVTLAC	A0201-Plate 1	M19	H-LLWPVTLAC-OH	NA	1015.28	2.03056	Bl. 16-B11	0.005224237518855083	5.851146021117692e-5	2.4038694074969707e-4	No	NA	NA	NA	NA	NA
A5B244	AP1901_E7_A2	85	72	99	81	0.597866721030794	0.832429799358073	0.0796523812894243	0.832429799358073	7.9652381289424298E-2	0.00403955045662462	0.00266883505255361	141	HLA-A02:01	QHD43415_1_orf1	KIAEIPKEEV	A0201-Plate 1	G21	H-KIAEIPKEEV-OH	NA	1155.352	2.310704	Bl. 15-E11	0.0031271844303005776	3.502446561936647e-5	1.43893591293833e-4	No	NA	NA	NA	NA	NA
A16B252	AP1901_E7_A2	68	69	65	72	0.572513342105432	0.87926732609887	0.0558790650866587	0.87926732609887	5.58790650866587E-2	0.00323164036529969	0.00217160221842352	269	HLA-A02:01	QHD43415_1_orf1	YTMADLVYA	A0201-Plate 2	M5	H-YTMADLVYA-OH	NA	1046.204	2.092408	Bl. 01-H06	0.002501747544240462	2.8019572495493175e-5	1.1511487303506615e-4	No	NA	NA	NA	NA	NA
A7B238	AP1901_E7_A2	107	88	121	117	0.561526558994416	0.869470815496093	0.0607449908685366	0.869470815496093	6.0744990868536602E-2	0.00508508116304511	0.00344481600551668	159	HLA-A02:01	QHD43416_1_S_lc	KLPDDFTGCV	A0201-Plate 1	K15	H-KLPDDFTGCV-OH	NA	1094.249	2.188498	Bl. 16-A07	0.003936573341672492	4.408962142673191e-5	1.8113663845223683e-4	No	NA	NA	NA	NA	NA
A12B255	AP1901_E7_A2	62	57	74	58	0.557194936961015	0.882067494601877	0.054498181975156	0.882067494601877	5.4498181975155997E-2	0.00294649562718501	0.0020024274019911	224	HLA-A02:01	QHD43416_1_S_lc	SSVLNDILSRL	A0201-Plate 2	E8	H-SSVLNDILSRL-OH	NA	1216.395	2.43279	Bl. 01-D09	0.0022810051138663036	2.55472572753026e-5	1.0495767835550146e-4	No	NA	NA	NA	NA	NA
A3B234	AP1901_E7_A2	115	120	112	126	0.533951663752345	0.882067494601877	0.054498181975156	0.882067494601877	5.4498181975155997E-2	0.00546527414719801	0.00377316504037684	35	HLA-A02:01	QHD43415_1_orf1	KVDGVVQQL	A0201-Plate 1	E11	H-KVDGVVQQL-OH	NA	985.144	1.970288	Bl. 14-E01	0.00423089658217137	4.738604172031934e-5	1.9467956469165616e-4	No	NA	NA	NA	NA	NA
A3B247	AP1901_E7_A2	97	105	94	103	0.53332289611988	0.882067494601877	0.054498181975156	0.882067494601877	5.4498181975155997E-2	0.00460983993285397	0.00318381552047246	132	HLA-A02:01	QHD43415_1_orf1	IDLLLDDFVEI	A0201-Plate 1	E24	H-IDLLLDDFVEI-OH	NA	1304.498	2.608996	Bl. 15-E02	0.0035686692910488946	3.996909605974762e-5	1.6420798065296206e-4	No	NA	NA	NA	NA	NA
A3B246	AP1901_E7_A2	122	119	136	124	0.532972277901963	0.882067494601877	0.054498181975156	0.882067494601877	5.4498181975155997E-2	0.0057979430083318	0.00400654232246403	131	HLA-A02:01	QHD43420_1_ORF6	HLVDFQVTIA	A0201-Plate 1	E23	H-HLVDFQVTIA-OH	NA	1142.315	2.28463	Bl. 15-E01	0.004488429417607888	5.0270409477208344e-5	2.0652962515114824e-4	No	NA	NA	NA	NA	NA
A1B232	AP1901_E7_A2	103	98	112	111	0.529737764336835	0.882067494601877	0.054498181975156	0.882067494601877	5.4498181975155997E-2	0.00489498467096865	0.00338976322314961	9	HLA-A02:01	QHD43415_1_orf1	LLADKFPVL	A0201-Plate 1	A9	H-LLADKFPVL-OH	NA	1015.256	2.030512	Bl. 14-B11	0.0037894117214230527	4.244141127993819e-5	1.7436517533252677e-4	No	NA	NA	NA	NA	NA
A6B233	AP1901_E7_A2	84	107	67	90	0.523235759641995	0.917380386716215	0.0374505491745775	0.917380386716215	3.7450549174577498E-2	0.0039920263336055	0.0027754903234791	58	HLA-A02:01	QHD43415_1_orf1	SVVSKVVKV	A0201-Plate 1	I10	H-SVVSKVVKV-OH	NA	944.1778	1.8883556	Bl. 14-F12	0.003090394025238218	3.461241308266804e-5	1.422007255139053e-4	No	NA	NA	NA	NA	NA
A12B253	AP1901_E7_A2	60	74	59	57	0.506914474514888	0.940145926102944	0.0268047315251881	0.940145926102944	2.68047315251881E-2	0.00285144738114679	0.00200562570611037	222	HLA-A02:01	QHD43419_1_M_lc	SMWSFNPET	A0201-Plate 2	E6	H-SMWSFNPET-OH	NA	1098.196	2.196392	Bl. 01-D07	0.0022074243037415843	2.4723152201905745e-5	1.0157194679564677e-4	No	NA	NA	NA	NA	NA
A6B243	AP1901_E7_A2	100	98	103	117	0.50318287512783	0.917380386716215	0.0374505491745775	0.917380386716215	3.7450549174577498E-2	0.00475241230191131	0.00335165731601204	152	HLA-A02:01	QHD43415_1_orf1	KLMPVCVET	A0201-Plate 1	I20	H-KLMPVCVET-OH	NA	1019.29	2.03858	Bl. 15-F10	0.0036790405062359735	4.12052536698429e-5	1.6928657799274442e-4	No	NA	NA	NA	NA	NA
A6B228	AP1901_E7_A2	97	93	118	98	0.494844077229738	0.930606452901391	0.0312339403587904	0.930606452901391	3.1233940358790398E-2	0.00460983993285397	0.00327121851815604	53	HLA-A02:01	QHD43416_1_S_lc	FTISVTTEI	A0201-Plate 1	I5	H-FTISVTTEI-OH	NA	1010.147	2.020294	Bl. 14-F07	0.0035686692910488946	3.996909605974762e-5	1.6420798065296206e-4	No	NA	NA	NA	NA	NA
A8B244	AP1901_E7_A2	112	111	119	138	0.456458429907195	0.940145926102944	0.0268047315251881	0.940145926102944	2.68047315251881E-2	0.00532270177814067	0.00387766912519751	177	HLA-A02:01	QHD43415_1_orf1	LVLSVNPYV	A0201-Plate 1	M21	H-LVLSVNPYV-OH	NA	1003.202	2.006404	Bl. 16-C01	0.004120525366984291	4.614988411022406e-5	1.8960096735187384e-4	No	NA	NA	NA	NA	NA
A12B254	AP1901_E7_A2	84	98	94	84	0.452265638156526	0.940145926102944	0.0268047315251881	0.940145926102944	2.68047315251881E-2	0.0039920263336055	0.00291725399905437	223	HLA-A02:01	QHD43419_1_M_lc	SMWSFNPETNI	A0201-Plate 2	E7	H-SMWSFNPETNI-OH	NA	1325.459	2.650918	Bl. 01-D08	0.003090394025238218	3.461241308266804e-5	1.422007255139053e-4	No	NA	NA	NA	NA	NA
A15B252	AP1901_E7_A2	49	54	66	42	0.437494809431158	1	0	1	0	0.00232868202793654	0.00172028017740737	257	HLA-A02:01	QHD43415_1_orf1	YLDGADVTKI	A0201-Plate 2	K5	H-YLDGADVTKI-OH	NA	1094.225	2.18845	Bl. 01-G06	0.0018027298480556271	2.0190574298223023e-5	8.295042321644469e-5	No	NA	NA	NA	NA	NA
A5B246	AP1901_E7_A2	86	84	99	105	0.427177468931686	0.992094424493951	0.00344699106647834	0.992094424493951	3.4469910664783401E-3	0.00408707457964373	0.00303869932887032	143	HLA-A02:01	QHD43417_1_ORF3	KIVDEPEEHV	A0201-Plate 1	G23	H-KIVDEPEEHV-OH	NA	1194.302	2.388604	Bl. 15-F01	0.003163974835362937	3.5436518156064893e-5	1.455864570737603e-4	No	NA	NA	NA	NA	NA
A16B250	AP1901_E7_A2	35	50	30	38	0.420192183987681	1	0	1	0	0.00166334430566896	0.00124133901581811	267	HLA-A02:01	QHD43415_1_orf1	YMHHMELPTGV	A0201-Plate 2	M3	H-YMHHMELPTGV-OH	NA	1314.547	2.629094	Bl. 01-H04	0.0012876641771825909	1.4421838784445017e-5	5.925030229746059e-5	No	NA	NA	NA	NA	NA
A8B224	AP1901_E7_A2	133	164	148	137	0.414057564239084	0.992094424493951	0.00344699106647834	0.992094424493951	3.4469910664783401E-3	0.00632070836154205	0.00474319966361496	73	HLA-A02:01	QHD43415_1_orf1	ALNLGETFV	A0201-Plate 1	M1	H-ALNLGETFV-OH	OK	963.0935	1.926187	Bl. 14-H03	0.004893123873293845	5.480298738089107e-5	2.2515114873035034e-4	No	NA	NA	NA	NA	NA
A8B231	AP1901_E7_A2	107	117	112	135	0.407203549603441	1	0	1	0	0.00508508116304511	0.0038331210519977	80	HLA-A02:01	QHD43415_1_orf1	AMDEFIERYKL	A0201-Plate 1	M8	H-AMDEFIERYKL-OH	NA	1414.64	2.82928	Bl. 14-H10	0.003936573341672492	4.408962142673191e-5	1.8113663845223683e-4	No	NA	NA	NA	NA	NA
A11B255	AP1901_E7_A2	94	122	84	117	0.395337009554088	1	0	1	0	0.00446726756379663	0.00339447742719042	212	HLA-A02:01	QHD43415_1_orf1	SLFDMSKFPL	A0201-Plate 2	C8	H-SLFDMSKFPL-OH	NA	1184.417	2.368834	Bl. 01-C09	0.0034582980758618154	3.873293844965233e-5	1.5912938331317966e-4	No	NA	NA	NA	NA	NA
A11B256	AP1901_E7_A2	89	91	111	103	0.391559219254614	1	0	1	0	0.00422964694870107	0.00322396958986515	213	HLA-A02:01	QHD43416_1_S_lc	SLIDLQEL	A0201-Plate 2	C9	H-SLIDLQEL-OH	NA	930.0611	1.8601222	Bl. 01-C10	0.0032743460505500165	3.667267576616018e-5	1.5066505441354268e-4	No	NA	NA	NA	NA	NA
A7B239	AP1901_E7_A2	73	88	73	95	0.364593806513316	1	0	1	0	0.00346926098039526	0.0026928650102628	160	HLA-A02:01	QHD43416_1_S_lc	KLQDVVNQNA	A0201-Plate 1	K16	H-KLQDVVNQNA-OH	NA	1128.246	2.256492	Bl. 16-A08	0.002685699569552261	3.007983517898532e-5	1.2357920193470354e-4	No	NA	NA	NA	NA	NA
A3B242	AP1901_E7_A2	112	133	128	132	0.359908777216623	1	0	1	0	0.00532270177814067	0.00414675476886228	127	HLA-A02:01	QHD43415_1_orf1	GLVEVEKGV	A0201-Plate 1	E19	H-GLVEVEKGV-OH	NA	929.0765	1.858153	Bl. 15-D09	0.004120525366984291	4.614988411022406e-5	1.8960096735187384e-4	No	NA	NA	NA	NA	NA
A15B250	AP1901_E7_A2	50	61	49	67	0.351459958795933	1	0	1	0	0.00237620615095566	0.00186066935665002	255	HLA-A02:01	QHD43415_1_orf1	YLASGGQPI	A0201-Plate 2	K3	H-YLASGGQPI-OH	NA	905.0135	1.810027	Bl. 01-G04	0.0018395202531179867	2.060262683492145e-5	8.464328899637237e-5	No	NA	NA	NA	NA	NA
A7B234	AP1901_E7_A2	138	178	138	173	0.349464461707679	1	0	1	0	0.00655832897663761	0.00514591671856048	71	HLA-A02:01	QHD43423_2_N_lc	ALLLLDRLNQL	A0201-Plate 1	K11	H-ALLLLDRLNQL-OH	NA	1281.557	2.563114	Bl. 14-H01	0.005077075898605643	5.68632500643832e-5	2.3361547762998735e-4	No	NA	NA	NA	NA	NA
A11B249	AP1901_E7_A2	68	71	85	85	0.344389784688137	1	0	1	0	0.00323164036529969	0.00254486560049098	206	HLA-A02:01	QHD43415_1_orf1	SALWEIQQVV	A0201-Plate 2	C2	H-SALWEIQQVV-OH	NA	1172.342	2.344684	Bl. 01-C03	0.002501747544240462	2.8019572495493175e-5	1.1511487303506615e-4	No	NA	NA	NA	NA	NA
A14B253	AP1901_E7_A2	37	30	58	43	0.339596926762704	1	0	1	0	0.00175839255170719	0.00139039732002288	246	HLA-A02:01	QHD43415_1_orf1	VLSTFISAA	A0201-Plate 2	I6	H-VLSTFISAA-OH	NA	908.0573	1.8161146	Bl. 01-F07	0.0013612449873073103	1.5245943857841876e-5	6.263603385731562e-5	No	NA	NA	NA	NA	NA
A6B245	AP1901_E7_A2	214	248	225	295	0.331929536452252	1	0	1	0	0.0101701623260902	0.00807827431460462	154	HLA-A02:01	QHD43415_1_orf1	KLNEEIAII	A0201-Plate 1	I22	H-KLNEEIAII-OH	NA	1042.236	2.084472	Bl. 16-A02	0.007873146683344984	8.817924285346382e-5	3.622732769044729e-4	No	NA	NA	NA	NA	NA
A5B233	AP1901_E7_A2	48	53	61	58	0.327688301178175	1	0	1	0	0.00228115790491743	0.00181732312932236	46	HLA-A02:01	QHD43415_1_orf1	YLATALLTL	A0201-Plate 1	G10	H-YLATALLTL-OH	NA	978.1918	1.9563836	Bl. 14-E12	0.0017659394429932673	1.9778521761524593e-5	8.125755743651735e-5	No	NA	NA	NA	NA	NA
A2B235	AP1901_E7_A2	105	119	105	157	0.31807270168911	1	0	1	0	0.00499003291700688	0.0040006134642324	24	HLA-A02:01	QHD43415_1_orf1	FGDDTVIEV	A0201-Plate 1	C12	H-FGDDTVIEV-OH	NA	994.0611	1.9881222	Bl. 14-D02	0.0038629925315477724	4.326551635333505e-5	1.7775090689238179e-4	No	NA	NA	NA	NA	NA
A10B250	AP1901_E7_A2	33	38	36	46	0.311128199950467	1	0	1	0	0.00156829605963073	0.00126269167127321	195	HLA-A02:01	QHD43415_1_orf1	QLMCQPILL	A0201-Plate 2	A3	H-QLMCQPILL-OH	NA	1058.37	2.11674	Bl. 01-B04	0.0012140833670578712	1.3597733711048157e-5	5.586457073760557e-5	No	NA	NA	NA	NA	NA
A6B227	AP1901_E7_A2	247	298	255	356	0.296891391834978	1	0	1	0	0.0117384583857209	0.00955332718749612	52	HLA-A02:01	QHD43421_1_ORF7	FIRQEEVQEL	A0201-Plate 1	I4	H-FIRQEEVQEL-OH	NA	1290.434	2.580868	Bl. 14-F06	0.009087230050402855	1.0177697656451198e-4	4.181378476420774e-4	No	NA	NA	NA	NA	NA
A5B232	AP1901_E7_A2	66	79	81	83	0.290208867701874	1	0	1	0	0.00313659211926147	0.00256450207034315	45	HLA-A02:01	QHD43415_1_orf1	WLDMVDTSL	A0201-Plate 1	G9	H-WLDMVDTSL-OH	NA	1079.234	2.158468	Bl. 14-E11	0.0024281667341157424	2.7195467422096315e-5	1.117291414752115e-4	No	NA	NA	NA	NA	NA
A9B230	AP1901_E7_A2	102	126	129	124	0.276056553001522	1	0	1	0	0.00484746054794954	0.00400297774433728	91	HLA-A02:01	QHD43421_1_ORF7	FHPLADNKFAL	A0201-Plate 1	O7	H-FHPLADNKFAL-OH	NA	1272.463	2.544926	Bl. 15-A09	0.003752621316360693	4.2029358743239766e-5	1.7267230955259944e-4	No	NA	NA	NA	NA	NA
A14B256	AP1901_E7_A2	58	76	82	57	0.274371773921565	1	0	1	0	0.00275639913510856	0.00227981486471032	249	HLA-A02:01	QHD43416_1_S_lc	VLYQDVNCTEV	A0201-Plate 2	I9	H-VLYQDVNCTEV-OH	NA	1282.432	2.564864	Bl. 01-F10	0.0021338434936168647	2.3899047128508886e-5	9.818621523579177e-5	No	NA	NA	NA	NA	NA
A9B244	AP1901_E7_A2	21	28	22	29	0.262170310804574	1	0	1	0	9.98006583401376e-4	8.30839595833035e-4	189	HLA-A02:01	QHD43415_1_orf1	NLYDKLVSS	A0201-Plate 1	O21	H-NLYDKLVSS-OH	NA	1038.161	2.076322	Bl. 01-A10	7.725985063095545e-4	8.65310327066701e-6	3.555018137847636e-5	No	NA	NA	NA	NA	NA
A3B235	AP1901_E7_A2	110	141	130	151	0.233411947009308	1	0	1	0	0.00522765353210244	0.00444583197797289	36	HLA-A02:01	QHD43415_1_orf1	LLDDFVEII	A0201-Plate 1	E12	H-LLDDFVEII-OH	NA	1076.25	2.1525	Bl. 14-E02	0.004046944556859571	4.532577903682719e-5	1.862152357920188e-4	No	NA	NA	NA	NA	NA
A3B245	AP1901_E7_A2	96	125	113	131	0.230594652705507	1	0	1	0	0.00456231580983486	0.00388747609965519	130	HLA-A02:01	QHD43416_1_S_lc	HLMSFPQSA	A0201-Plate 1	E22	H-HLMSFPQSA-OH	NA	1017.169	2.034338	Bl. 15-D12	0.0035318788859865346	3.9557043523049186e-5	1.625151148730347e-4	No	NA	NA	NA	NA	NA
A3B239	AP1901_E7_A2	120	152	140	170	0.229091514985098	1	0	1	0	0.00570289476229358	0.00486447285892052	124	HLA-A02:01	QHD43415_1_orf1	GLNDNLLEI	A0201-Plate 1	E16	H-GLNDNLLEI-OH	NA	1000.111	2.000222	Bl. 15-D06	0.004414848607483169	4.944630440381149e-5	2.0314389359129355e-4	No	NA	NA	NA	NA	NA
A2B246	AP1901_E7_A2	90	103	111	133	0.226487094874781	1	0	1	0	0.00427717107172018	0.00365480269846187	119	HLA-A02:01	QHD43415_1_orf1	GIFGADPIHSL	A0201-Plate 1	C23	H-GIFGADPIHSL-OH	NA	1126.273	2.252546	Bl. 15-D01	0.0033111364556123765	3.708472830285861e-5	1.5235792019347e-4	No	NA	NA	NA	NA	NA
A3B227	AP1901_E7_A2	122	172	149	149	0.225046433934111	1	0	1	0	0.0057979430083318	0.00496013826401916	28	HLA-A02:01	QHD43418_1_E_lc	FVSEETGTL	A0201-Plate 1	E4	H-FVSEETGTL-OH	NA	982.0501	1.9641002	Bl. 14-D06	0.004488429417607888	5.0270409477208344e-5	2.0652962515114824e-4	No	NA	NA	NA	NA	NA
A8B233	AP1901_E7_A2	77	92	90	116	0.222369370079418	1	0	1	0	0.00365935747247171	0.00313539341343052	82	HLA-A02:01	QHD43415_1_orf1	ASALWEIQQVV	A0201-Plate 1	M10	H-ASALWEIQQVV-OH	NA	1243.42	2.48684	Bl. 14-H12	0.0028328611898017	3.172804532577904e-5	1.3035066505441323e-4	No	NA	NA	NA	NA	NA
A2B229	AP1901_E7_A2	73	103	83	97	0.21848963534071	1	0	1	0	0.00346926098039526	0.00298075718214928	18	HLA-A02:01	QHD43418_1_E_lc	YVYSRVKNL	A0201-Plate 1	C6	H-YVYSRVKNL-OH	NA	1141.331	2.282662	Bl. 14-C08	0.002685699569552261	3.007983517898532e-5	1.2357920193470354e-4	No	NA	NA	NA	NA	NA
A8B234	AP1901_E7_A2	71	98	90	88	0.211490098664257	1	0	1	0	0.00337421273435703	0.00291386666972211	83	HLA-A02:01	QHD43415_1_orf1	AVASKILGL	A0201-Plate 1	M11	H-AVASKILGL-OH	NA	871.0831	1.7421662	Bl. 15-A01	0.0026121187594275413	2.925573010558846e-5	1.2019347037484853e-4	No	NA	NA	NA	NA	NA
A5B235	AP1901_E7_A2	67	78	81	104	0.20176183502292	1	0	1	0	0.00318411624228058	0.00276739390439014	48	HLA-A02:01	QHD43415_1_orf1	YLNSTNVTI	A0201-Plate 1	G12	H-YLNSTNVTI-OH	OK	1024.134	2.048268	Bl. 14-F02	0.0024649571391781025	2.7607519958794748e-5	1.1342200725513883e-4	No	NA	NA	NA	NA	NA
A8B238	AP1901_E7_A2	116	135	178	140	0.200172290105928	1	0	1	0	0.00551279827021712	0.00479945992208837	171	HLA-A02:01	QHD43423_2_N_lc	LLLLDRLNQL	A0201-Plate 1	M15	H-LLLLDRLNQL-OH	NA	1210.478	2.420956	Bl. 16-B07	0.004267686987233729	4.779809425701777e-5	1.9637243047158353e-4	No	NA	NA	NA	NA	NA
A16B251	AP1901_E7_A2	46	56	48	78	0.194088138130761	1	0	1	0	0.0021861096588792	0.00190894185011838	268	HLA-A02:01	QHD43415_1_orf1	YNLWNTFTRL	A0201-Plate 2	M4	H-YNLWNTFTRL-OH	NA	1327.5	2.655	Bl. 01-H05	0.0016923586328685479	1.8954416688127737e-5	7.787182587666235e-5	No	NA	NA	NA	NA	NA
A1B235	AP1901_E7_A2	123	177	152	157	0.189099704222538	1	0	1	0	0.00584546713135092	0.00512695034819698	12	HLA-A02:01	QHD43416_1_S_lc	SIIAYTMSL	A0201-Plate 1	A12	H-SIIAYTMSL-OH	NA	998.2034	1.9964068	Bl. 14-C02	0.0045252198226702475	5.0682462013906774e-5	2.082224909310759e-4	No	NA	NA	NA	NA	NA
A9B243	AP1901_E7_A2	51	59	69	74	0.185457821571088	1	0	1	0	0.00242373027397477	0.00213096759070525	188	HLA-A02:01	QHD43415_1_orf1	NLWNTFTRL	A0201-Plate 1	O20	H-NLWNTFTRL-OH	NA	1164.324	2.328648	Bl. 01-A09	0.0018763106581803466	2.1014679371619883e-5	8.633615477629972e-5	No	NA	NA	NA	NA	NA
A7B226	AP1901_E7_A2	109	129	150	153	0.18379273361031	1	0	1	0	0.00518012940908333	0.00456033206246423	63	HLA-A02:01	QHD43416_1_S_lc	FQFCNDPFL	A0201-Plate 1	K3	H-FQFCNDPFL-OH	NA	1130.284	2.260568	Bl. 14-G05	0.004010154151797211	4.491372650012877e-5	1.8452237001209147e-4	No	NA	NA	NA	NA	NA
A8B225	AP1901_E7_A2	130	158	176	183	0.17929414017506	1	0	1	0	0.00617813599248471	0.00545586542679592	74	HLA-A02:01	QHD43415_1_orf1	ALNNIINNA	A0201-Plate 1	M2	H-ALNNIINNA-OH	NA	956.0617	1.9121234	Bl. 14-H04	0.004782752658106766	5.356682977079578e-5	2.20072551390568e-4	No	NA	NA	NA	NA	NA
A7B232	AP1901_E7_A2	78	100	96	115	0.17820861444772	1	0	1	0	0.00370688159549082	0.00327527439912668	69	HLA-A02:01	QHD43415_1_orf1	ALLADKFPVL	A0201-Plate 1	K9	H-ALLADKFPVL-OH	NA	1086.335	2.17267	Bl. 14-G11	0.0028696515948640595	3.214009786247747e-5	1.3204353083434058e-4	No	NA	NA	NA	NA	NA
A9B224	AP1901_E7_A2	49	62	67	67	0.170261964314969	1	0	1	0	0.00232868202793654	0.00206931791441826	85	HLA-A02:01	QHD43415_1_orf1	ELDERIDKV	A0201-Plate 1	O1	H-ELDERIDKV-OH	NA	1116.232	2.232464	Bl. 15-A03	0.0018027298480556271	2.0190574298223023e-5	8.295042321644469e-5	No	NA	NA	NA	NA	NA
A2B238	AP1901_E7_A2	66	87	87	91	0.165753542718571	1	0	1	0	0.00313659211926147	0.00279583630445933	111	HLA-A02:01	QHD43415_1_orf1	FLVQAGNVQL	A0201-Plate 1	C15	H-FLVQAGNVQL-OH	NA	1088.267	2.176534	Bl. 15-C05	0.0024281667341157424	2.7195467422096315e-5	1.117291414752115e-4	No	NA	NA	NA	NA	NA
A3B241	AP1901_E7_A2	74	122	84	92	0.162982810971703	1	0	1	0	0.00351678510341437	0.0031404406260237	126	HLA-A02:01	QHD43416_1_S_lc	GLTVLPPLL	A0201-Plate 1	E18	H-GLTVLPPLL-OH	NA	922.1711	1.8443422	Bl. 15-D08	0.0027224899746146206	3.049188771568375e-5	1.252720677146309e-4	No	NA	NA	NA	NA	NA
A6B236	AP1901_E7_A2	94	126	112	142	0.159462678845023	1	0	1	0	0.00446726756379663	0.00399874306672187	145	HLA-A02:01	QHD43415_1_orf1	KLHDELTGHML	A0201-Plate 1	I13	H-KLHDELTGHML-OH	NA	1293.505	2.58701	Bl. 15-F03	0.0034582980758618154	3.873293844965233e-5	1.5912938331317966e-4	No	NA	NA	NA	NA	NA
A5B227	AP1901_E7_A2	65	89	88	87	0.148315316458125	1	0	1	0	0.00308906799624235	0.00278719687851849	40	HLA-A02:01	QHD43416_1_S_lc	RLDKVEAEV	A0201-Plate 1	G4	H-RLDKVEAEV-OH	NA	1058.195	2.11639	Bl. 14-E06	0.002391376329053383	2.678341488539789e-5	1.1003627569528381e-4	No	NA	NA	NA	NA	NA
A30B249	AP1901_E7_A2	11	14	16	15	0.136657146086378	1	0	1	0	5.22765353210244e-4	4.75542055838514e-4	230	HLA-A02:01	QHD43415_1_orf1	TIVEVQPQL	A0201-Plate 2	G2	H-TIVEVQPQL-OH	NA	1026.193	2.052386	Bl. 01-E03	4.046944556859571e-4	4.532577903682719e-6	1.8621523579201882e-5	No	NA	NA	NA	NA	NA
A16B259	AP1901_E7_A2	71	106	77	109	0.136513134950343	1	0	1	0	0.00337421273435703	0.00306814225723008	276	HLA-A02:01	QHD43416_1_S_lc	TLDSKTQSL	A0201-Plate 2	M12	H-TLDSKTQSL-OH	NA	992.0892	1.9841784	Bl. 08-B08	0.0026121187594275413	2.925573010558846e-5	1.2019347037484853e-4	No	NA	NA	NA	NA	NA
A1B236	AP1901_E7_A2	120	181	170	141	0.132085061974372	1	0	1	0	0.00570289476229358	0.00520451259001768	97	HLA-A02:01	QHD43422_1_ORF8	FLGIITTV	A0201-Plate 1	A13	H-FLGIITTV-OH	OK	863.0599	1.7261198	Bl. 15-B03	0.004414848607483169	4.944630440381149e-5	2.0314389359129355e-4	No	NA	NA	NA	NA	NA
A11B259	AP1901_E7_A2	64	96	76	92	0.129595806176792	1	0	1	0	0.00304154387322324	0.00277939813872643	216	HLA-A02:01	QHD43415_1_orf1	SLLSVLLSM	A0201-Plate 2	C12	H-SLLSVLLSM-OH	NA	962.2138	1.9244276	Bl. 01-D01	0.002354585923991023	2.637136234869946e-5	1.0834340991535649e-4	No	NA	NA	NA	NA	NA
A5B224	AP1901_E7_A2	63	91	82	87	0.126610744146283	1	0	1	0	0.00299401975020413	0.00274214521010621	37	HLA-A02:01	QHD43417_1_ORF3	LLYDANYFL	A0201-Plate 1	G1	H-LLYDANYFL-OH	NA	1131.288	2.262576	Bl. 14-E03	0.0023177955189286636	2.5959309812001032e-5	1.0665054413542914e-4	No	NA	NA	NA	NA	NA
A3B224	AP1901_E7_A2	95	155	117	123	0.116152061194761	1	0	1	0	0.00451479168681575	0.0041651899087924	25	HLA-A02:01	QHD43422_1_ORF8	FLEYHDVRV	A0201-Plate 1	E1	H-FLEYHDVRV-OH	OK	1177.32	2.35464	Bl. 14-D03	0.003495088480924175	3.9144990986350756e-5	1.608222490931074e-4	No	NA	NA	NA	NA	NA
A7B236	AP1901_E7_A2	84	98	128	123	0.114465719394491	1	0	1	0	0.0039920263336055	0.00368783375778536	157	HLA-A02:01	QHD43415_1_orf1	KLNVGDYFV	A0201-Plate 1	K13	H-KLNVGDYFV-OH	NA	1054.206	2.108412	Bl. 16-A05	0.003090394025238218	3.461241308266804e-5	1.422007255139053e-4	No	NA	NA	NA	NA	NA
A5B225	AP1901_E7_A2	75	104	100	109	0.11086261001763	1	0	1	0	0.00356430922643348	0.00330033510009781	38	HLA-A02:01	QHD43415_1_orf1	MLDMYSVML	A0201-Plate 1	G2	H-MLDMYSVML-OH	NA	1102.4	2.2048	Bl. 14-E04	0.00275928037967698	3.090394025238218e-5	1.269649334945582e-4	No	NA	NA	NA	NA	NA
A7B246	AP1901_E7_A2	93	115	118	157	0.107356064721842	1	0	1	0	0.00441974344077752	0.0041017251054367	167	HLA-A02:01	QHD43415_1_orf1	LFLLPSLATV	A0201-Plate 1	K23	H-LFLLPSLATV-OH	NA	1073.336	2.146672	Bl. 16-B03	0.0034215076707994553	3.8320885912953896e-5	1.5743651753325234e-4	No	NA	NA	NA	NA	NA
A2B232	AP1901_E7_A2	60	97	69	86	0.104193210674436	1	0	1	0	0.00285144738114679	0.00265187025472134	21	HLA-A02:01	QHD43415_1_orf1	SQLGGLHLL	A0201-Plate 1	C9	H-SQLGGLHLL-OH	NA	937.1022	1.8742044	Bl. 14-C11	0.0022074243037415843	2.4723152201905745e-5	1.0157194679564677e-4	No	NA	NA	NA	NA	NA
A9B242	AP1901_E7_A2	73	93	99	116	0.0961932015668734	1	0	1	0	0.00346926098039526	0.00324496723178116	187	HLA-A02:01	QHD43415_1_orf1	NLSDRVVFV	A0201-Plate 1	O19	H-NLSDRVVFV-OH	NA	1048.202	2.096404	Bl. 01-A08	0.002685699569552261	3.007983517898532e-5	1.2357920193470354e-4	No	NA	NA	NA	NA	NA
A6B244	AP1901_E7_A2	88	119	107	149	0.0851069724537712	1	0	1	0	0.00418212282568196	0.00394133829661851	153	HLA-A02:01	QHD43416_1_S_lc	KLNDLCFTNV	A0201-Plate 1	I21	H-KLNDLCFTNV-OH	NA	1166.359	2.332718	Bl. 16-A01	0.003237555645487657	3.626062322946175e-5	1.4897218863361533e-4	No	NA	NA	NA	NA	NA
A2B240	AP1901_E7_A2	69	110	88	96	0.0813009520500031	1	0	1	0	0.00327916448831881	0.00309913078453265	113	HLA-A02:01	QHD43415_1_orf1	FLYENAFL	A0201-Plate 1	C17	H-FLYENAFL-OH	NA	1016.156	2.032312	Bl. 15-C07	0.0025385379493028217	2.84316250321916e-5	1.1680773881499387e-4	No	NA	NA	NA	NA	NA
A8B235	AP1901_E7_A2	107	146	127	185	0.0795798965345597	1	0	1	0	0.00508508116304511	0.00481079250908571	84	HLA-A02:01	QHD43415_1_orf1	AVIKTLQPV	A0201-Plate 1	M12	H-AVIKTLQPV-OH	NA	968.1998	1.9363996	Bl. 15-A02	0.003936573341672492	4.408962142673191e-5	1.8113663845223683e-4	No	NA	NA	NA	NA	NA
A2B236	AP1901_E7_A2	83	141	102	113	0.0722232158758895	1	0	1	0	0.00394450221058639	0.00375146351756697	109	HLA-A02:01	QHD43415_1_orf1	FLTENLLLYI	A0201-Plate 1	C13	H-FLTENLLLYI-OH	NA	1238.485	2.47697	Bl. 15-C03	0.003053603620175858	3.420036054596961e-5	1.4050785973397797e-4	No	NA	NA	NA	NA	NA
A8B226	AP1901_E7_A2	129	183	188	182	0.0700575720541277	1	0	1	0	0.00613061186946559	0.0058402805806324	75	HLA-A02:01	QHD43415_1_orf1	ALQDAYYRA	A0201-Plate 1	M3	H-ALQDAYYRA-OH	NA	1070.165	2.14033	Bl. 14-H05	0.004745962253044406	5.315477723409735e-5	2.183796856106403e-4	No	NA	NA	NA	NA	NA
A14B257	AP1901_E7_A2	41	57	68	51	0.0639001759402731	1	0	1	0	0.00194848904378364	0.00186524727138602	250	HLA-A02:01	QHD43415_1_orf1	VMCGGSLYV	A0201-Plate 2	I10	H-VMCGGSLYV-OH	NA	928.1363	1.8562726	Bl. 01-F11	0.0015084066075567492	1.689415400463559e-5	6.940749697702531e-5	No	NA	NA	NA	NA	NA
A7B228	AP1901_E7_A2	57	78	78	90	0.0633508016658635	1	0	1	0	0.00270887501208945	0.00259210838259758	65	HLA-A02:01	QHD43415_1_orf1	YITGGVVQL	A0201-Plate 1	K5	H-YITGGVVQL-OH	NA	949.1101	1.8982202	Bl. 14-G07	0.002097053088554505	2.3486994591810456e-5	9.649334945586443e-5	No	NA	NA	NA	NA	NA
A10B252	AP1901_E7_A2	60	87	86	90	0.0393930710684972	1	0	1	0	0.00285144738114679	0.00277466652803292	197	HLA-A02:01	QHD43415_1_orf1	QMAPISAMV	A0201-Plate 2	A5	H-QMAPISAMV-OH	NA	947.1826	1.8943652	Bl. 01-B06	0.0022074243037415843	2.4723152201905745e-5	1.0157194679564677e-4	No	NA	NA	NA	NA	NA
A5B228	AP1901_E7_A2	62	94	102	75	0.0376626517455287	1	0	1	0	0.00294649562718501	0.00287187086993999	41	HLA-A02:01	QHD43416_1_S_lc	RLNEVAKNL	A0201-Plate 1	G5	H-RLNEVAKNL-OH	NA	1056.225	2.11245	Bl. 14-E07	0.0022810051138663036	2.55472572753026e-5	1.0495767835550146e-4	No	NA	NA	NA	NA	NA
A5B230	AP1901_E7_A2	65	84	101	100	0.0376177203400967	1	0	1	0	0.00308906799624235	0.00300990857739644	43	HLA-A02:01	QHD43415_1_orf1	TLNDLNETL	A0201-Plate 1	G7	H-TLNDLNETL-OH	NA	1032.111	2.064222	Bl. 14-E09	0.002391376329053383	2.678341488539789e-5	1.1003627569528381e-4	No	NA	NA	NA	NA	NA
A6B224	AP1901_E7_A2	73	89	115	117	0.0337823168815104	1	0	1	0	0.00346926098039526	0.00338926525817134	49	HLA-A02:01	QHD43416_1_S_lc	YQDVNCTEV	A0201-Plate 1	I1	H-YQDVNCTEV-OH	OK	1070.14	2.14028	Bl. 14-F03	0.002685699569552261	3.007983517898532e-5	1.2357920193470354e-4	No	NA	NA	NA	NA	NA
A6B230	AP1901_E7_A2	75	110	99	122	0.0324588687179747	1	0	1	0	0.00356430922643348	0.0034844204059231	55	HLA-A02:01	QHD43415_1_orf1	IQPGQTFSV	A0201-Plate 1	I7	H-IQPGQTFSV-OH	NA	976.0923	1.9521846	Bl. 14-F09	0.00275928037967698	3.090394025238218e-5	1.269649334945582e-4	No	NA	NA	NA	NA	NA
A8B230	AP1901_E7_A2	106	143	166	158	0.030041776964983	1	0	1	0	0.00503755704002599	0.00493425939783605	79	HLA-A02:01	QHD43415_1_orf1	ALWEIQQVV	A0201-Plate 1	M7	H-ALWEIQQVV-OH	NA	1085.263	2.170526	Bl. 14-H09	0.003899782936610132	4.367756889003348e-5	1.794437726723091e-4	No	NA	NA	NA	NA	NA
A8B246	AP1901_E7_A2	96	138	127	161	0.0251075096436093	1	0	1	0	0.00456231580983486	0.00448292454850122	179	HLA-A02:01	QHD43415_1_orf1	MLSDTLKNL	A0201-Plate 1	M23	H-MLSDTLKNL-OH	NA	1034.237	2.068474	Bl. 16-C03	0.0035318788859865346	3.9557043523049186e-5	1.625151148730347e-4	No	NA	NA	NA	NA	NA
A15B251	AP1901_E7_A2	30	41	42	50	0.0249872005345395	1	0	1	0	0.00142572369057339	0.00140088462253744	256	HLA-A02:01	QHD43415_1_orf1	YLAVFDKNL	A0201-Plate 2	K4	H-YLAVFDKNL-OH	NA	1082.26	2.16452	Bl. 01-G05	0.0011037121518707922	1.2361576100952873e-5	5.078597339782321e-5	No	NA	NA	NA	NA	NA
A2B233	AP1901_E7_A2	45	67	64	69	0.019992862178147	1	0	1	0	0.00213858553586009	0.00210911134003768	22	HLA-A02:01	QHD43415_1_orf1	TQAPTHLSV	A0201-Plate 1	C10	H-TQAPTHLSV-OH	NA	953.058	1.906116	Bl. 14-C12	0.0016555682278061882	1.8542364151429307e-5	7.6178960096735e-5	No	NA	NA	NA	NA	NA
A2B228	AP1901_E7_A2	59	88	82	93	0.0166028811585568	1	0	1	0	0.00280392325812767	0.00277161680558706	17	HLA-A02:01	QHD43415_1_orf1	YLITPVHVM	A0201-Plate 1	C5	H-YLITPVHVM-OH	NA	1072.332	2.144664	Bl. 14-C07	0.0021706338986792243	2.4311099665207312e-5	9.98790810157191e-5	No	NA	NA	NA	NA	NA
A2B227	AP1901_E7_A2	71	116	91	110	0.0155960914061063	1	0	1	0	0.00337421273435703	0.00333741077992354	16	HLA-A02:01	QHD43415_1_orf1	VLSDRELHL	A0201-Plate 1	C4	H-VLSDRELHL-OH	NA	1081.232	2.162464	Bl. 14-C06	0.0026121187594275413	2.925573010558846e-5	1.2019347037484853e-4	No	NA	NA	NA	NA	NA
A5B229	AP1901_E7_A2	52	79	80	73	0.0117029615471601	1	0	1	0	0.00247125439699388	0.00245187904549672	42	HLA-A02:01	QHD43416_1_S_lc	TLDSKTQSLL	A0201-Plate 1	G6	H-TLDSKTQSLL-OH	NA	1105.249	2.210498	Bl. 14-E08	0.0019131010632427064	2.1426731908318313e-5	8.802902055622706e-5	No	NA	NA	NA	NA	NA
A1B245	AP1901_E7_A2	84	131	127	118	0.00727338636504468	1	0	1	0	0.0039920263336055	0.00397248769796308	106	HLA-A02:01	QHD43415_1_orf1	FLPGVYSV	A0201-Plate 1	A22	H-FLPGVYSV-OH	NA	881.0342	1.7620684	Bl. 15-B12	0.003090394025238218	3.461241308266804e-5	1.422007255139053e-4	No	NA	NA	NA	NA	NA
A10B255	AP1901_E7_A2	59	102	102	59	0.00652103192463765	1	0	1	0	0.00280392325812767	0.00279327994865772	200	HLA-A02:01	QHD43416_1_S_lc	RLDKVEAEVQI	A0201-Plate 2	A8	H-RLDKVEAEVQI-OH	NA	1299.485	2.59897	Bl. 01-B09	0.0021706338986792243	2.4311099665207312e-5	9.98790810157191e-5	No	NA	NA	NA	NA	NA
A6B226	AP1901_E7_A2	86	133	116	140	-0.00327871792095968	1	0	1	0	0.00408707457964373	0.00409594689267885	51	HLA-A02:01	QHD43417_1_ORF3	ATIPIQASL	A0201-Plate 1	I3	H-ATIPIQASL-OH	NA	913.0769	1.8261538	Bl. 14-F05	0.003163974835362937	3.5436518156064893e-5	1.455864570737603e-4	No	NA	NA	NA	NA	NA
A3B226	AP1901_E7_A2	100	150	144	158	-0.00399851566186784	1	0	1	0	0.00475241230191131	0.00476557025401332	27	HLA-A02:01	QHD43415_1_orf1	FVNEFYAYL	A0201-Plate 1	E3	H-FVNEFYAYL-OH	NA	1165.306	2.330612	Bl. 14-D05	0.0036790405062359735	4.12052536698429e-5	1.6928657799274442e-4	No	NA	NA	NA	NA	NA
A3B231	AP1901_E7_A2	84	121	106	157	-0.0150115520471451	1	0	1	0	0.0039920263336055	0.00403261992647824	32	HLA-A02:01	QHD43415_1_orf1	IVDTVSALV	A0201-Plate 1	E8	H-IVDTVSALV-OH	NA	916.0775	1.832155	Bl. 14-D10	0.003090394025238218	3.461241308266804e-5	1.422007255139053e-4	No	NA	NA	NA	NA	NA
A16B257	AP1901_E7_A2	37	50	61	61	-0.0463231288619501	1	0	1	0	0.00175839255170719	0.0018163103086632	274	HLA-A02:01	QHD43415_1_orf1	HLDGEVITF	A0201-Plate 2	M10	H-HLDGEVITF-OH	NA	1030.141	2.060282	Bl. 08-B06	0.0013612449873073103	1.5245943857841876e-5	6.263603385731562e-5	No	NA	NA	NA	NA	NA
A14B249	AP1901_E7_A2	42	73	59	64	-0.0498525979855495	1	0	1	0	0.00199601316680275	0.002066256931504	242	HLA-A02:01	QHD43416_1_S_lc	VLPFNDGVYFA	A0201-Plate 2	I2	H-VLPFNDGVYFA-OH	NA	1241.404	2.482808	Bl. 01-F03	0.001545197012619109	1.730620654133402e-5	7.110036275695264e-5	No	NA	NA	NA	NA	NA
A6B246	AP1901_E7_A2	68	107	94	117	-0.0507994368623613	1	0	1	0	0.00323164036529969	0.00334707428699193	155	HLA-A02:01	QHD43415_1_orf1	KLNEEIAIIL	A0201-Plate 1	I23	H-KLNEEIAIIL-OH	NA	1155.395	2.31079	Bl. 16-A03	0.002501747544240462	2.8019572495493175e-5	1.1511487303506615e-4	No	NA	NA	NA	NA	NA
A3B228	AP1901_E7_A2	79	132	112	125	-0.0508162009378306	1	0	1	0	0.00375440571850994	0.00388899251552683	29	HLA-A02:01	QHD43417_1_ORF3	GLEAPFLYL	A0201-Plate 1	E5	H-GLEAPFLYL-OH	NA	1022.204	2.044408	Bl. 14-D07	0.002906441999926419	3.255215039917589e-5	1.3373639661426825e-4	No	NA	NA	NA	NA	NA
A2B231	AP1901_E7_A2	72	123	105	110	-0.0590853859292211	1	0	1	0	0.00342173685737615	0.00356502059377118	20	HLA-A02:01	QHD43415_1_orf1	LQAENVTGL	A0201-Plate 1	C8	H-LQAENVTGL-OH	NA	944.0477	1.8880954	Bl. 14-C10	0.002648909164489901	2.966778264228689e-5	1.2188633615477622e-4	No	NA	NA	NA	NA	NA
A15B258	AP1901_E7_A2	55	94	71	94	-0.0597157577349349	1	0	1	0	0.00261382676605122	0.00272368140305499	263	HLA-A02:01	QHD43415_1_orf1	YLPYPDPSRI	A0201-Plate 2	K11	H-YLPYPDPSRI-OH	NA	1220.385	2.44077	Bl. 01-G12	0.0020234722784297854	2.2662889518413596e-5	9.31076178960094e-5	No	NA	NA	NA	NA	NA
A9B233	AP1901_E7_A2	42	72	61	66	-0.0718461826658604	1	0	1	0	0.00199601316680275	0.00209809740542374	94	HLA-A02:01	QHD43418_1_E_lc	FLAFVVFLL	A0201-Plate 1	O10	H-FLAFVVFLL-OH	NA	1068.362	2.136724	Bl. 15-A12	0.001545197012619109	1.730620654133402e-5	7.110036275695264e-5	No	NA	NA	NA	NA	NA
A17B249	AP1901_E7_A2	21	36	28	36	-0.0765044060979956	1	0	1	0	9.98006583401376e-4	0.00105201235790255	278	HLA-A02:01	QHD43415_1_orf1	YVDNSSLTI	A0201-Plate 2	O2	H-YVDNSSLTI-OH	NA	1011.09	2.02218	Bl. 08-B10	7.725985063095545e-4	8.65310327066701e-6	3.555018137847636e-5	No	NA	NA	NA	NA	NA
A9B235	AP1901_E7_A2	57	84	94	93	-0.0788571908635839	1	0	1	0	0.00270887501208945	0.00286172014241163	96	HLA-A02:01	QHD43415_1_orf1	FLARGIVFM	A0201-Plate 1	O12	H-FLARGIVFM-OH	OK	1053.332	2.106664	Bl. 15-B02	0.002097053088554505	2.3486994591810456e-5	9.649334945586443e-5	No	NA	NA	NA	NA	NA
A2B242	AP1901_E7_A2	77	118	117	134	-0.0875928709206769	1	0	1	0	0.00365935747247171	0.00388850018078275	115	HLA-A02:01	QHD43416_1_S_lc	FQFCNDPFLGV	A0201-Plate 1	C19	H-FQFCNDPFLGV-OH	NA	1286.469	2.572938	Bl. 15-C09	0.0028328611898017	3.172804532577904e-5	1.3035066505441323e-4	No	NA	NA	NA	NA	NA
A7B243	AP1901_E7_A2	49	79	73	83	-0.0886993342468791	1	0	1	0	0.00232868202793654	0.00247643563530529	164	HLA-A02:01	QHD43415_1_orf1	KMFDAYVNT	A0201-Plate 1	K20	H-KMFDAYVNT-OH	NA	1088.244	2.176488	Bl. 16-A12	0.0018027298480556271	2.0190574298223023e-5	8.295042321644469e-5	No	NA	NA	NA	NA	NA
A11B257	AP1901_E7_A2	48	75	80	75	-0.090808486124772	1	0	1	0	0.00228115790491743	0.00243020567385784	214	HLA-A02:01	QHD43415_1_orf1	SLINTLNDL	A0201-Plate 2	C10	H-SLINTLNDL-OH	NA	1002.128	2.004256	Bl. 01-C11	0.0017659394429932673	1.9778521761524593e-5	8.125755743651735e-5	No	NA	NA	NA	NA	NA
A1B233	AP1901_E7_A2	49	88	75	72	-0.0911449256963211	1	0	1	0	0.00232868202793654	0.00248116776194888	10	HLA-A02:01	QHD43423_2_N_lc	LLLDRLNQL	A0201-Plate 1	A10	H-LLLDRLNQL-OH	NA	1097.318	2.194636	Bl. 14-B12	0.0018027298480556271	2.0190574298223023e-5	8.295042321644469e-5	No	NA	NA	NA	NA	NA
A3B244	AP1901_E7_A2	90	144	139	150	-0.0942519697929218	1	0	1	0	0.00427717107172018	0.00456624248214298	129	HLA-A02:01	QHD43415_1_orf1	GVYDYLVST	A0201-Plate 1	E21	H-GVYDYLVST-OH	NA	1016.111	2.032222	Bl. 15-D11	0.0033111364556123765	3.708472830285861e-5	1.5235792019347e-4	No	NA	NA	NA	NA	NA
A1B240	AP1901_E7_A2	218	343	369	335	-0.0951120948676449	1	0	1	0	0.0103602588181667	0.011067341525793	101	HLA-A02:01	QHD43415_1_orf1	FLLPSLATV	A0201-Plate 1	A17	H-FLLPSLATV-OH	NA	960.1765	1.920353	Bl. 15-B07	0.008020308303594422	8.982745300025754e-5	3.6904474002418436e-4	No	NA	NA	NA	NA	NA
A16B258	AP1901_E7_A2	65	93	105	115	-0.0955209208567657	1	0	1	0	0.00308906799624235	0.00330085558601289	275	HLA-A02:01	QHD43423_2_N_lc	KLDDKDPNF	A0201-Plate 2	M11	H-KLDDKDPNF-OH	NA	1091.181	2.182362	Bl. 08-B07	0.002391376329053383	2.678341488539789e-5	1.1003627569528381e-4	No	NA	NA	NA	NA	NA
A1B227	AP1901_E7_A2	93	161	134	156	-0.104165391000912	1	0	1	0	0.00441974344077752	0.00475065413438626	4	HLA-A02:01	QHD43415_1_orf1	FLLNKEMYL	A0201-Plate 1	A4	H-FLLNKEMYL-OH	NA	1170.433	2.340866	Bl. 14-B06	0.0034215076707994553	3.8320885912953896e-5	1.5743651753325234e-4	No	NA	NA	NA	NA	NA
A7B242	AP1901_E7_A2	77	130	121	123	-0.108871097727081	1	0	1	0	0.00365935747247171	0.00394674615298497	163	HLA-A02:01	QHD43415_1_orf1	KLWAQCVQL	A0201-Plate 1	K19	H-KLWAQCVQL-OH	NA	1088.334	2.176668	Bl. 16-A11	0.0028328611898017	3.172804532577904e-5	1.3035066505441323e-4	No	NA	NA	NA	NA	NA
A14B250	AP1901_E7_A2	29	55	45	41	-0.111226201558877	1	0	1	0	0.00137819956755428	0.00148944339231938	243	HLA-A02:01	QHD43415_1_orf1	VLPNDDTLRV	A0201-Plate 2	I3	H-VLPNDDTLRV-OH	NA	1141.285	2.28257	Bl. 01-F04	0.0010669217468084323	1.1949523564254443e-5	4.909310761789588e-5	No	NA	NA	NA	NA	NA
A9B246	AP1901_E7_A2	32	49	50	57	-0.11229068812034	1	0	1	0	0.00152077193661162	0.00164407399336642	191	HLA-A02:01	QHD43417_1_ORF3	NPLLYDANYFL	A0201-Plate 1	O23	H-NPLLYDANYFL-OH	NA	1342.509	2.685018	Bl. 01-A12	0.0011772929619955116	1.318568117434973e-5	5.4171704957678245e-5	No	NA	NA	NA	NA	NA
A8B237	AP1901_E7_A2	81	134	122	139	-0.112689492830529	1	0	1	0	0.00384945396454816	0.00416233432584363	170	HLA-A02:01	QHD43415_1_orf1	LLLDDFVEII	A0201-Plate 1	M14	H-LLLDDFVEII-OH	NA	1189.409	2.378818	Bl. 16-B06	0.0029800228100511387	3.337625547257275e-5	1.3712212817412292e-4	No	NA	NA	NA	NA	NA
A1B238	AP1901_E7_A2	81	124	143	131	-0.127825354240573	1	0	1	0	0.00384945396454816	0.00420722615211411	99	HLA-A02:01	QHD43415_1_orf1	FLKKDAPYI	A0201-Plate 1	A15	H-FLKKDAPYI-OH	NA	1094.314	2.188628	Bl. 15-B05	0.0029800228100511387	3.337625547257275e-5	1.3712212817412292e-4	No	NA	NA	NA	NA	NA
A1B228	AP1901_E7_A2	42	75	76	55	-0.127996747754694	1	0	1	0	0.00199601316680275	0.00218294301540554	5	HLA-A02:01	QHD43415_1_orf1	FLNRFTTTL	A0201-Plate 1	A5	H-FLNRFTTTL-OH	NA	1112.289	2.224578	Bl. 14-B07	0.001545197012619109	1.730620654133402e-5	7.110036275695264e-5	No	NA	NA	NA	NA	NA
A9B231	AP1901_E7_A2	23	41	32	42	-0.146296440322243	1	0	1	0	0.0010930548294396	0.00120950980236676	92	HLA-A02:01	QHD43416_1_S_lc	FIAGLIAIV	A0201-Plate 1	O8	H-FIAGLIAIV-OH	NA	916.1668	1.8323336	Bl. 15-A10	8.461793164342739e-4	9.477208344063868e-6	3.893591293833117e-5	No	NA	NA	NA	NA	NA
A10B258	AP1901_E7_A2	80	132	145	121	-0.147129410012893	1	0	1	0	0.00380192984152905	0.00421162067187132	203	HLA-A02:01	QHD43416_1_S_lc	RLQSLQTYV	A0201-Plate 2	A11	H-RLQSLQTYV-OH	NA	1107.27	2.21454	Bl. 01-B12	0.002943232404988779	3.296420293587433e-5	1.3542926239419557e-4	No	NA	NA	NA	NA	NA
A9B239	AP1901_E7_A2	18	29	29	32	-0.14891243662883	1	0	1	0	8.55434214344036e-4	9.48881221564224e-4	184	HLA-A02:01	QHD43415_1_orf1	NLLKDCPAV	A0201-Plate 1	O16	H-NLLKDCPAV-OH	NA	972.1686	1.9443372	Bl. 01-A05	6.622272911224752e-4	7.416945660571723e-6	3.0471584038694e-5	No	NA	NA	NA	NA	NA
A5B239	AP1901_E7_A2	129	229	213	205	-0.156117936692511	1	0	1	0	0.00613061186946559	0.00683215967811959	136	HLA-A02:01	QHD43415_1_orf1	ILGTVSWNL	A0201-Plate 1	G16	H-ILGTVSWNL-OH	NA	1002.174	2.004348	Bl. 15-E06	0.004745962253044406	5.315477723409735e-5	2.183796856106403e-4	No	NA	NA	NA	NA	NA
A6B235	AP1901_E7_A2	82	132	129	153	-0.162127865206346	1	0	1	0	0.00389697808756728	0.00436065490728901	60	HLA-A02:01	QHD43416_1_S_lc	VLYENQKLI	A0201-Plate 1	I12	H-VLYENQKLI-OH	NA	1119.322	2.238644	Bl. 14-G02	0.0030168132151134983	3.378830800927118e-5	1.3881499395405062e-4	No	NA	NA	NA	NA	NA
A7B241	AP1901_E7_A2	57	101	94	93	-0.166080515535134	1	0	1	0	0.00270887501208945	0.00304020448427355	162	HLA-A02:01	QHD43415_1_orf1	KLVLSVNPYV	A0201-Plate 1	K18	H-KLVLSVNPYV-OH	NA	1131.376	2.262752	Bl. 16-A10	0.002097053088554505	2.3486994591810456e-5	9.649334945586443e-5	No	NA	NA	NA	NA	NA
A3B230	AP1901_E7_A2	86	158	144	133	-0.168824345880531	1	0	1	0	0.00408707457964373	0.00459552608431103	31	HLA-A02:01	QHD43417_1_ORF3	IVDEPEEHV	A0201-Plate 1	E7	H-IVDEPEEHV-OH	NA	1066.128	2.132256	Bl. 14-D09	0.003163974835362937	3.5436518156064893e-5	1.455864570737603e-4	No	NA	NA	NA	NA	NA
A5B240	AP1901_E7_A2	52	94	84	86	-0.17232495789928	1	0	1	0	0.00247125439699388	0.00278549758361816	137	HLA-A02:01	QHD43415_1_orf1	ILLLDQALV	A0201-Plate 1	G17	H-ILLLDQALV-OH	NA	997.2383	1.9944766	Bl. 15-E07	0.0019131010632427064	2.1426731908318313e-5	8.802902055622706e-5	No	NA	NA	NA	NA	NA
A1B224	AP1901_E7_A2	70	109	130	116	-0.17388220000085	1	0	1	0	0.00332668861133792	0.00375420993048174	1	HLA-A02:01	QHD43416_1_S_lc	TVYDPLQPEL	A0201-Plate 1	A1	H-TVYDPLQPEL-OH	OK	1174.311	2.348622	Bl. 14-B03	0.0025753283543651817	2.8843677568890035e-5	1.1850060459492119e-4	No	NA	NA	NA	NA	NA
A8B236	AP1901_E7_A2	96	142	167	179	-0.174093299574034	1	0	1	0	0.00456231580983486	0.00514815953626278	169	HLA-A02:01	QHD43415_1_orf1	LLLDDFVEI	A0201-Plate 1	M13	H-LLLDDFVEI-OH	NA	1076.25	2.1525	Bl. 16-B05	0.0035318788859865346	3.9557043523049186e-5	1.625151148730347e-4	No	NA	NA	NA	NA	NA
A2B247	AP1901_E7_A2	64	107	105	114	-0.176393654255584	1	0	1	0	0.00304154387322324	0.00343768121902898	120	HLA-A02:01	QHD43415_1_orf1	GLDSLDTYPSL	A0201-Plate 1	C24	H-GLDSLDTYPSL-OH	NA	1180.272	2.360544	Bl. 15-D02	0.002354585923991023	2.637136234869946e-5	1.0834340991535649e-4	No	NA	NA	NA	NA	NA
A7B231	AP1901_E7_A2	48	90	81	74	-0.181748325354283	1	0	1	0	0.00228115790491743	0.00258853869018672	68	HLA-A02:01	QHD43415_1_orf1	ALLADKFPV	A0201-Plate 1	K8	H-ALLADKFPV-OH	NA	973.1753	1.9463506	Bl. 14-G10	0.0017659394429932673	1.9778521761524593e-5	8.125755743651735e-5	No	NA	NA	NA	NA	NA
A30B251	AP1901_E7_A2	13	28	12	27	-0.183792333366661	1	0	1	0	6.17813599248471e-4	7.00433607942373e-4	232	HLA-A02:01	QHD43415_1_orf1	TLIGDCATV	A0201-Plate 2	G4	H-TLIGDCATV-OH	NA	892.036	1.784072	Bl. 01-E05	4.782752658106766e-4	5.356682977079578e-6	2.2007255139056795e-5	No	NA	NA	NA	NA	NA
A1B231	AP1901_E7_A2	76	143	110	137	-0.184443958432889	1	0	1	0	0.0036118333494526	0.00410440343959099	8	HLA-A02:01	QHD43415_1_orf1	KLVNKFLAL	A0201-Plate 1	A8	H-KLVNKFLAL-OH	NA	1045.329	2.090658	Bl. 14-B10	0.00279607078473934	3.131599278908061e-5	1.286577992744859e-4	No	NA	NA	NA	NA	NA
A15B254	AP1901_E7_A2	44	61	74	92	-0.192603458953684	1	0	1	0	0.00209106141284098	0.00238991376731006	259	HLA-A02:01	QHD43415_1_orf1	YLFDESGEFKL	A0201-Plate 2	K7	H-YLFDESGEFKL-OH	NA	1347.482	2.694964	Bl. 01-G08	0.0016187778227438284	1.8130311614730877e-5	7.448609431680766e-5	No	NA	NA	NA	NA	NA
A11B251	AP1901_E7_A2	61	110	93	112	-0.194149740705123	1	0	1	0	0.0028989715041659	0.00331675585917802	208	HLA-A02:01	QHD43420_1_ORF6	SIWNLDYIINL	A0201-Plate 2	C4	H-SIWNLDYIINL-OH	NA	1363.571	2.727142	Bl. 01-C05	0.002244214708803944	2.5135204738604172e-5	1.0326481257557412e-4	No	NA	NA	NA	NA	NA
A9B227	AP1901_E7_A2	98	167	168	170	-0.194428184753418	1	0	1	0	0.00465736405587309	0.00533019156554885	88	HLA-A02:01	QHD43415_1_orf1	FELDERIDKV	A0201-Plate 1	O4	H-FELDERIDKV-OH	NA	1263.408	2.526816	Bl. 15-A06	0.0036054596961112542	4.0381148596446046e-5	1.6590084643288973e-4	No	NA	NA	NA	NA	NA
A5B247	AP1901_E7_A2	35	55	59	68	-0.205084301083018	1	0	1	0	0.00166334430566896	0.00191791939889569	144	HLA-A02:01	QHD43422_1_ORF8	KLGSLVVRC	A0201-Plate 1	G24	H-KLGSLVVRC-OH	OK	974.231	1.948462	Bl. 15-F02	0.0012876641771825909	1.4421838784445017e-5	5.925030229746059e-5	No	NA	NA	NA	NA	NA
A7B225	AP1901_E7_A2	61	119	83	116	-0.20524084903976	1	0	1	0	0.0028989715041659	0.00334181041396486	62	HLA-A02:01	QHD43417_1_ORF3	YLYALVYFL	A0201-Plate 1	K2	H-YLYALVYFL-OH	NA	1164.405	2.32881	Bl. 14-G04	0.002244214708803944	2.5135204738604172e-5	1.0326481257557412e-4	No	NA	NA	NA	NA	NA
A1B241	AP1901_E7_A2	62	106	110	107	-0.210762127672173	1	0	1	0	0.00294649562718501	0.00341109335766791	102	HLA-A02:01	QHD43415_1_orf1	FLLPSLATVA	A0201-Plate 1	A18	H-FLLPSLATVA-OH	NA	1031.255	2.06251	Bl. 15-B08	0.0022810051138663036	2.55472572753026e-5	1.0495767835550146e-4	No	NA	NA	NA	NA	NA
A6B225	AP1901_E7_A2	72	128	105	146	-0.219342677187162	1	0	1	0	0.00342173685737615	0.00398332898211653	50	HLA-A02:01	QHD43416_1_S_lc	ALNTLVKQL	A0201-Plate 1	I2	H-ALNTLVKQL-OH	NA	999.2139	1.9984278	Bl. 14-F04	0.002648909164489901	2.966778264228689e-5	1.2188633615477622e-4	No	NA	NA	NA	NA	NA
A3B229	AP1901_E7_A2	66	112	106	130	-0.224026946712119	1	0	1	0	0.00313659211926147	0.00366376847082069	30	HLA-A02:01	QHD43415_1_orf1	ILDGISQYSL	A0201-Plate 1	E6	H-ILDGISQYSL-OH	NA	1108.252	2.216504	Bl. 14-D08	0.0024281667341157424	2.7195467422096315e-5	1.117291414752115e-4	No	NA	NA	NA	NA	NA
A16B256	AP1901_E7_A2	46	70	88	85	-0.231197232631263	1	0	1	0	0.0021861096588792	0.00256739143469712	273	HLA-A02:01	QHD43423_2_N_lc	AADLDDFSKQL	A0201-Plate 2	M9	H-AADLDDFSKQL-OH	NA	1222.312	2.444624	Bl. 01-H10	0.0016923586328685479	1.8954416688127737e-5	7.787182587666235e-5	No	NA	NA	NA	NA	NA
A7B235	AP1901_E7_A2	88	167	138	163	-0.236891935995456	1	0	1	0	0.00418212282568196	0.00492881212983019	72	HLA-A02:01	QHD43415_1_orf1	ALLSDLQDL	A0201-Plate 1	K12	H-ALLSDLQDL-OH	OK	987.113	1.974226	Bl. 14-H02	0.003237555645487657	3.626062322946175e-5	1.4897218863361533e-4	No	NA	NA	NA	NA	NA
A9B241	AP1901_E7_A2	59	119	89	109	-0.25086661407139	1	0	1	0	0.00280392325812767	0.00333672993591657	186	HLA-A02:01	QHD43416_1_S_lc	NLNESLIDL	A0201-Plate 1	O18	H-NLNESLIDL-OH	NA	1030.138	2.060276	Bl. 01-A07	0.0021706338986792243	2.4311099665207312e-5	9.98790810157191e-5	No	NA	NA	NA	NA	NA
A14B254	AP1901_E7_A2	52	95	98	86	-0.254735171367303	1	0	1	0	0.00247125439699388	0.00295011292386747	247	HLA-A02:01	QHD43415_1_orf1	VLVPHVGEI	A0201-Plate 2	I7	H-VLVPHVGEI-OH	NA	962.1522	1.9243044	Bl. 01-F08	0.0019131010632427064	2.1426731908318313e-5	8.802902055622706e-5	No	NA	NA	NA	NA	NA
A15B257	AP1901_E7_A2	28	43	50	58	-0.257370542256538	1	0	1	0	0.00133067544453517	0.00159124099181476	262	HLA-A02:01	QHD43415_1_orf1	YLNTLTLAV	A0201-Plate 2	K10	H-YLNTLTLAV-OH	NA	1007.19	2.01438	Bl. 01-G11	0.0010301313417460727	1.1537471027556015e-5	4.740024183796855e-5	No	NA	NA	NA	NA	NA
A14B251	AP1901_E7_A2	35	50	53	87	-0.260915949823133	1	0	1	0	0.00166334430566896	0.00199244214683874	244	HLA-A02:01	QHD43415_1_orf1	VLSEARQHL	A0201-Plate 2	I4	H-VLSEARQHL-OH	NA	1052.194	2.104388	Bl. 01-F05	0.0012876641771825909	1.4421838784445017e-5	5.925030229746059e-5	No	NA	NA	NA	NA	NA
A3B240	AP1901_E7_A2	64	105	119	123	-0.267475976181771	1	0	1	0	0.00304154387322324	0.00366225257089915	125	HLA-A02:01	QHD43415_1_orf1	GLNDNLLEIL	A0201-Plate 1	E17	H-GLNDNLLEIL-OH	NA	1113.27	2.22654	Bl. 15-D07	0.002354585923991023	2.637136234869946e-5	1.0834340991535649e-4	No	NA	NA	NA	NA	NA
A30B252	AP1901_E7_A2	30	71	43	49	-0.267514675288029	1	0	1	0	0.00142572369057339	0.00171670382286213	233	HLA-A02:01	QHD43418_1_E_lc	TLIVNSVLL	A0201-Plate 2	G5	H-TLIVNSVLL-OH	NA	971.2004	1.9424008	Bl. 01-E06	0.0011037121518707922	1.2361576100952873e-5	5.078597339782321e-5	No	NA	NA	NA	NA	NA
A6B240	AP1901_E7_A2	64	109	103	137	-0.271076842073126	1	0	1	0	0.00304154387322324	0.00367037662520901	149	HLA-A02:01	QHD43419_1_M_lc	KLLEQWNLV	A0201-Plate 1	I17	H-KLLEQWNLV-OH	NA	1142.359	2.284718	Bl. 15-F07	0.002354585923991023	2.637136234869946e-5	1.0834340991535649e-4	No	NA	NA	NA	NA	NA
A1B229	AP1901_E7_A2	51	86	93	100	-0.279483684877379	1	0	1	0	0.00242373027397477	0.00294284030022469	6	HLA-A02:01	QHD43415_1_orf1	ILKPANNSL	A0201-Plate 1	A6	H-ILKPANNSL-OH	NA	969.1442	1.9382884	Bl. 14-B08	0.0018763106581803466	2.1014679371619883e-5	8.633615477629972e-5	No	NA	NA	NA	NA	NA
A7B230	AP1901_E7_A2	72	139	116	141	-0.284848280750466	1	0	1	0	0.00342173685737615	0.00416910283832384	67	HLA-A02:01	QHD43423_2_N_lc	ADLDDFSKQL	A0201-Plate 1	K7	H-ADLDDFSKQL-OH	NA	1151.233	2.302466	Bl. 14-G09	0.002648909164489901	2.966778264228689e-5	1.2188633615477622e-4	No	NA	NA	NA	NA	NA
A9B225	AP1901_E7_A2	56	91	102	115	-0.286485335368835	1	0	1	0	0.00266135088907034	0.00324683251500758	86	HLA-A02:01	QHD43416_1_S_lc	ELLHAPATV	A0201-Plate 1	O2	H-ELLHAPATV-OH	NA	950.0977	1.9001954	Bl. 15-A04	0.0020602626834921455	2.307494205511203e-5	9.48004836759371e-5	No	NA	NA	NA	NA	NA
A12B258	AP1901_E7_A2	62	117	110	115	-0.291714423288731	1	0	1	0	0.00294649562718501	0.00360787500230486	227	HLA-A02:01	QHD43416_1_S_lc	SVTTEILPV	A0201-Plate 2	E11	H-SVTTEILPV-OH	NA	958.1148	1.9162296	Bl. 01-D12	0.0022810051138663036	2.55472572753026e-5	1.0495767835550146e-4	No	NA	NA	NA	NA	NA
A8B228	AP1901_E7_A2	48	81	102	82	-0.297863511560459	1	0	1	0	0.00228115790491743	0.00280651314813697	77	HLA-A02:01	QHD43417_1_ORF3	ALVYFLQSI	A0201-Plate 1	M5	H-ALVYFLQSI-OH	NA	1053.261	2.106522	Bl. 14-H07	0.0017659394429932673	1.9778521761524593e-5	8.125755743651735e-5	No	NA	NA	NA	NA	NA
A12B251	AP1901_E7_A2	34	55	52	84	-0.310504617367521	1	0	1	0	0.00161582018264985	0.00200344482098427	220	HLA-A02:01	QHD43415_1_orf1	SMQNCVLKL	A0201-Plate 2	E4	H-SMQNCVLKL-OH	NA	1035.292	2.070584	Bl. 01-D05	0.001250873772120231	1.4009786247746587e-5	5.7557436517533266e-5	No	NA	NA	NA	NA	NA
A6B237	AP1901_E7_A2	90	190	141	177	-0.321572676086067	1	0	1	0	0.00427717107172018	0.00534557646708301	146	HLA-A02:01	QHD43415_1_orf1	KLIEYTDFA	A0201-Plate 1	I14	H-KLIEYTDFA-OH	NA	1099.244	2.198488	Bl. 15-F04	0.0033111364556123765	3.708472830285861e-5	1.5235792019347e-4	No	NA	NA	NA	NA	NA
A15B256	AP1901_E7_A2	39	82	65	73	-0.322289740481643	1	0	1	0	0.00185344079774541	0.0023182517165999	261	HLA-A02:01	QHD43415_1_orf1	YLKLTDNVYI	A0201-Plate 2	K9	H-YLKLTDNVYI-OH	NA	1241.444	2.482888	Bl. 01-G10	0.0014348257974320297	1.6070048931238734e-5	6.602176541717029e-5	No	NA	NA	NA	NA	NA
A1B230	AP1901_E7_A2	85	152	161	167	-0.326039141721548	1	0	1	0	0.00403955045662462	0.0050651628347549	7	HLA-A02:01	QHD43421_1_ORF7	KLFIRQEEV	A0201-Plate 1	A7	H-KLFIRQEEV-OH	NA	1161.362	2.322724	Bl. 14-B09	0.0031271844303005776	3.502446561936647e-5	1.43893591293833e-4	No	NA	NA	NA	NA	NA
A2B239	AP1901_E7_A2	51	105	76	109	-0.329976779251693	1	0	1	0	0.00242373027397477	0.00304663487391729	112	HLA-A02:01	QHD43419_1_M_lc	FLWLLWPVTL	A0201-Plate 1	C16	H-FLWLLWPVTL-OH	NA	1287.606	2.575212	Bl. 15-C06	0.0018763106581803466	2.1014679371619883e-5	8.633615477629972e-5	No	NA	NA	NA	NA	NA
A6B229	AP1901_E7_A2	48	96	82	95	-0.333844116936844	1	0	1	0	0.00228115790491743	0.00287593238114483	54	HLA-A02:01	QHD43420_1_ORF6	HLVDFQVTI	A0201-Plate 1	I6	H-HLVDFQVTI-OH	NA	1071.236	2.142472	Bl. 14-F08	0.0017659394429932673	1.9778521761524593e-5	8.125755743651735e-5	No	NA	NA	NA	NA	NA
A7B227	AP1901_E7_A2	54	106	95	107	-0.338525924705498	1	0	1	0	0.00256630264303211	0.00324596879197192	64	HLA-A02:01	QHD43415_1_orf1	TMADLVYAL	A0201-Plate 1	K4	H-TMADLVYAL-OH	NA	996.1875	1.992375	Bl. 14-G06	0.001986681873367426	2.225083698171517e-5	9.141475211608208e-5	No	NA	NA	NA	NA	NA
A1B237	AP1901_E7_A2	106	223	178	207	-0.346108843338904	1	0	1	0	0.00503755704002599	0.00640419749532397	98	HLA-A02:01	QHD43415_1_orf1	FLGRYMSAL	A0201-Plate 1	A14	H-FLGRYMSAL-OH	NA	1057.277	2.114554	Bl. 15-B04	0.003899782936610132	4.367756889003348e-5	1.794437726723091e-4	No	NA	NA	NA	NA	NA
A6B242	AP1901_E7_A2	51	100	83	118	-0.383778123189579	1	0	1	0	0.00242373027397477	0.00316265085833016	151	HLA-A02:01	QHD43415_1_orf1	KLLHKPIVWHV	A0201-Plate 1	I19	H-KLLHKPIVWHV-OH	NA	1369.714	2.739428	Bl. 15-F09	0.0018763106581803466	2.1014679371619883e-5	8.633615477629972e-5	No	NA	NA	NA	NA	NA
A30B255	AP1901_E7_A2	33	65	57	73	-0.387117409668323	1	0	1	0	0.00156829605963073	0.00205170093970012	236	HLA-A02:01	QHD43415_1_orf1	TLSEQLDFI	A0201-Plate 2	G8	H-TLSEQLDFI-OH	NA	1065.183	2.130366	Bl. 01-E09	0.0012140833670578712	1.3597733711048157e-5	5.586457073760557e-5	No	NA	NA	NA	NA	NA
A14B258	AP1901_E7_A2	46	87	82	104	-0.393748951697364	1	0	1	0	0.0021861096588792	0.00287289391916736	251	HLA-A02:01	QHD43415_1_orf1	VMVELVAEL	A0201-Plate 2	I11	H-VMVELVAEL-OH	NA	1002.235	2.00447	Bl. 01-F12	0.0016923586328685479	1.8954416688127737e-5	7.787182587666235e-5	No	NA	NA	NA	NA	NA
A16B254	AP1901_E7_A2	52	97	90	123	-0.398971199107646	1	0	1	0	0.00247125439699388	0.00325901911242247	271	HLA-A02:01	QHD43415_1_orf1	YVLPNDDTLRV	A0201-Plate 2	M7	H-YVLPNDDTLRV-OH	NA	1304.461	2.608922	Bl. 01-H08	0.0019131010632427064	2.1426731908318313e-5	8.802902055622706e-5	No	NA	NA	NA	NA	NA
A3B225	AP1901_E7_A2	68	123	134	149	-0.405072026222699	1	0	1	0	0.00323164036529969	0.00428055883060351	26	HLA-A02:01	QHD43415_1_orf1	FVDGVPFVV	A0201-Plate 1	E2	H-FVDGVPFVV-OH	NA	978.1512	1.9563024	Bl. 14-D04	0.002501747544240462	2.8019572495493175e-5	1.1511487303506615e-4	No	NA	NA	NA	NA	NA
A8B243	AP1901_E7_A2	33	63	56	79	-0.407528147454514	1	0	1	0	0.00156829605963073	0.00208066330973429	176	HLA-A02:01	QHD43415_1_orf1	LQLGFSTGV	A0201-Plate 1	M20	H-LQLGFSTGV-OH	NA	921.0563	1.8421126	Bl. 16-B12	0.0012140833670578712	1.3597733711048157e-5	5.586457073760557e-5	No	NA	NA	NA	NA	NA
A5B234	AP1901_E7_A2	59	109	117	131	-0.42409722400364	1	0	1	0	0.00280392325812767	0.00376352405424525	47	HLA-A02:01	QHD43415_1_orf1	YLDAYNMMI	A0201-Plate 1	G11	H-YLDAYNMMI-OH	NA	1133.349	2.266698	Bl. 14-F01	0.0021706338986792243	2.4311099665207312e-5	9.98790810157191e-5	No	NA	NA	NA	NA	NA
A9B228	AP1901_E7_A2	42	93	98	64	-0.437066251315696	1	0	1	0	0.00199601316680275	0.00270556238097465	89	HLA-A02:01	QHD43416_1_S_lc	FELLHAPATV	A0201-Plate 1	O5	H-FELLHAPATV-OH	NA	1097.274	2.194548	Bl. 15-A07	0.001545197012619109	1.730620654133402e-5	7.110036275695264e-5	No	NA	NA	NA	NA	NA
A6B239	AP1901_E7_A2	131	275	236	301	-0.456494819668961	1	0	1	0	0.00622566011550382	0.00854380962625416	148	HLA-A02:01	QHD43415_1_orf1	KLKPVLDWL	A0201-Plate 1	I16	H-KLKPVLDWL-OH	NA	1111.388	2.222776	Bl. 15-F06	0.004819543063169125	5.39788823074942e-5	2.2176541717049532e-4	No	NA	NA	NA	NA	NA
A1B225	AP1901_E7_A2	42	85	88	87	-0.458746961033057	1	0	1	0	0.00199601316680275	0.00274520056278627	2	HLA-A02:01	QHD43416_1_S_lc	YLQPRTFLL	A0201-Plate 1	A2	H-YLQPRTFLL-OH	NA	1150.381	2.300762	Bl. 14-B04	0.001545197012619109	1.730620654133402e-5	7.110036275695264e-5	No	NA	NA	NA	NA	NA
A2B230	AP1901_E7_A2	50	115	106	90	-0.467823599409085	1	0	1	0	0.00237620615095566	0.0032888068257531	19	HLA-A02:01	QHD43415_1_orf1	KLVSSFLEM	A0201-Plate 1	C7	H-KLVSSFLEM-OH	NA	1053.283	2.106566	Bl. 14-C09	0.0018395202531179867	2.060262683492145e-5	8.464328899637237e-5	No	NA	NA	NA	NA	NA
A9B245	AP1901_E7_A2	27	53	55	62	-0.480520414731653	1	0	1	0	0.00128315132151605	0.00179191919123064	190	HLA-A02:01	QHD43415_1_orf1	NLYDKLVSSFL	A0201-Plate 1	O22	H-NLYDKLVSSFL-OH	NA	1298.497	2.596994	Bl. 01-A11	9.93340936683713e-4	1.1125418490857585e-5	4.5707376058040856e-5	No	NA	NA	NA	NA	NA
A1B243	AP1901_E7_A2	56	106	139	106	-0.481963438121226	1	0	1	0	0.00266135088907034	0.00372017271263348	104	HLA-A02:01	QHD43415_1_orf1	FLNKVVSTT	A0201-Plate 1	A20	H-FLNKVVSTT-OH	NA	1008.178	2.016356	Bl. 15-B10	0.0020602626834921455	2.307494205511203e-5	9.48004836759371e-5	No	NA	NA	NA	NA	NA
A10B254	AP1901_E7_A2	62	117	139	134	-0.482909922416697	1	0	1	0	0.00294649562718501	0.00412018379820381	199	HLA-A02:01	QHD43415_1_orf1	RLANECAQV	A0201-Plate 2	A7	H-RLANECAQV-OH	NA	1003.142	2.006284	Bl. 01-B08	0.0022810051138663036	2.55472572753026e-5	1.0495767835550146e-4	No	NA	NA	NA	NA	NA
A8B247	AP1901_E7_A2	67	162	127	136	-0.492340904208726	1	0	1	0	0.00318411624228058	0.0044808656417278	180	HLA-A02:01	QHD43415_1_orf1	MMISAGFSL	A0201-Plate 1	M24	H-MMISAGFSL-OH	NA	956.19	1.91238	Bl. 01-A01	0.0024649571391781025	2.7607519958794748e-5	1.1342200725513883e-4	No	NA	NA	NA	NA	NA
A2B224	AP1901_E7_A2	34	65	59	93	-0.494583612894589	1	0	1	0	0.00161582018264985	0.00227694698939296	13	HLA-A02:01	QHD43415_1_orf1	SLLMPILTL	A0201-Plate 1	C1	H-SLLMPILTL-OH	NA	1000.306	2.000612	Bl. 14-C03	0.001250873772120231	1.4009786247746587e-5	5.7557436517533266e-5	No	NA	NA	NA	NA	NA
A16B248	AP1901_E7_A2	24	65	51	39	-0.521627339493071	1	0	1	0	0.00114057895245872	0.00164016106383498	265	HLA-A02:01	QHD43415_1_orf1	YLVQQESPFV	A0201-Plate 2	M1	H-YLVQQESPFV-OH	NA	1209.359	2.418718	Bl. 01-H02	8.829697214966336e-4	9.889260880762297e-6	4.062877871825885e-5	No	NA	NA	NA	NA	NA
A1B226	AP1901_E7_A2	65	145	149	127	-0.526730688527083	0.992094424493951	0.00344699106647834	1	0	0.00308906799624235	0.00445311074779997	3	HLA-A02:01	QHD43423_2_N_lc	DLDDFSKQL	A0201-Plate 1	A3	H-DLDDFSKQL-OH	NA	1080.155	2.16031	Bl. 14-B05	0.002391376329053383	2.678341488539789e-5	1.1003627569528381e-4	No	NA	NA	NA	NA	NA
A16B253	AP1901_E7_A2	23	48	43	62	-0.55536434384592	1	0	1	0	0.0010930548294396	0.00160732414400858	270	HLA-A02:01	QHD43415_1_orf1	YTMADLVYAL	A0201-Plate 2	M6	H-YTMADLVYAL-OH	NA	1159.364	2.318728	Bl. 01-H07	8.461793164342739e-4	9.477208344063868e-6	3.893591293833117e-5	No	NA	NA	NA	NA	NA
A9B226	AP1901_E7_A2	64	154	117	155	-0.558258065139903	0.940145926102944	0.0268047315251881	1	0	0.00304154387322324	0.00447985793535275	87	HLA-A02:01	QHD43421_1_ORF7	ELYSPIFLI	A0201-Plate 1	O3	H-ELYSPIFLI-OH	NA	1094.311	2.188622	Bl. 15-A05	0.002354585923991023	2.637136234869946e-5	1.0834340991535649e-4	No	NA	NA	NA	NA	NA
A30B259	AP1901_E7_A2	45	90	86	126	-0.568292137273975	0.940145926102944	0.0268047315251881	1	0	0.00213858553586009	0.00317197675851217	240	HLA-A02:01	QHD43416_1_S_lc	VLLPLVSSQCV	A0201-Plate 2	G12	H-VLLPLVSSQCV-OH	OK	1157.435	2.31487	Bl. 01-F01	0.0016555682278061882	1.8542364151429307e-5	7.6178960096735e-5	No	NA	NA	NA	NA	NA
A9B236	AP1901_E7_A2	67	156	141	152	-0.571704482402873	0.940145926102944	0.0268047315251881	1	0	0.00318411624228058	0.00473457098219243	181	HLA-A02:01	QHD43415_1_orf1	NLAKHCLHV	A0201-Plate 1	O13	H-NLAKHCLHV-OH	NA	1034.246	2.068492	Bl. 01-A02	0.0024649571391781025	2.7607519958794748e-5	1.1342200725513883e-4	No	NA	NA	NA	NA	NA
A3B243	AP1901_E7_A2	41	75	87	117	-0.58983424418653	0.940145926102944	0.0268047315251881	1	0	0.00194848904378364	0.00293404563047607	128	HLA-A02:01	QHD43423_2_N_lc	GMSRIGMEV	A0201-Plate 1	E20	H-GMSRIGMEV-OH	NA	979.1846	1.9583692	Bl. 15-D10	0.0015084066075567492	1.689415400463559e-5	6.940749697702531e-5	No	NA	NA	NA	NA	NA
A30B256	AP1901_E7_A2	39	103	82	81	-0.597663592731735	0.940145926102944	0.0268047315251881	1	0	0.00185344079774541	0.00280716532502284	237	HLA-A02:01	QHD43415_1_orf1	TLVPQEHYV	A0201-Plate 2	G9	H-TLVPQEHYV-OH	NA	1085.22	2.17044	Bl. 01-E10	0.0014348257974320297	1.6070048931238734e-5	6.602176541717029e-5	No	NA	NA	NA	NA	NA
A15B248	AP1901_E7_A2	22	53	51	47	-0.60722321329027	0.940145926102944	0.0268047315251881	1	0	0.00104553070642049	0.00159546389301168	253	HLA-A02:01	QHD43415_1_orf1	WLDDDSQQTV	A0201-Plate 2	K1	H-WLDDDSQQTV-OH	NA	1206.226	2.412452	Bl. 01-G02	8.093889113719142e-4	9.065155807365438e-6	3.724304715840383e-5	No	NA	NA	NA	NA	NA
A15B253	AP1901_E7_A2	22	57	47	48	-0.614902340138164	0.940145926102944	0.0268047315251881	1	0	0.00104553070642049	0.00160358846327163	258	HLA-A02:01	QHD43415_1_orf1	YLEGSVRVV	A0201-Plate 2	K6	H-YLEGSVRVV-OH	NA	1021.177	2.042354	Bl. 01-G07	8.093889113719142e-4	9.065155807365438e-6	3.724304715840383e-5	No	NA	NA	NA	NA	NA
A9B237	AP1901_E7_A2	62	127	139	164	-0.619863336573639	0.917380386716215	0.0374505491745775	1	0	0.00294649562718501	0.00453001874893442	182	HLA-A02:01	QHD43415_1_orf1	NLHPDSATL	A0201-Plate 1	O14	H-NLHPDSATL-OH	NA	967.0415	1.934083	Bl. 01-A03	0.0022810051138663036	2.55472572753026e-5	1.0495767835550146e-4	No	NA	NA	NA	NA	NA
A9B247	AP1901_E7_A2	18	39	47	42	-0.658648163594636	0.940145926102944	0.0268047315251881	1	0	8.55434214344036e-4	0.00135363621019664	192	HLA-A02:01	QHD43415_1_orf1	NVLTLVYKV	A0201-Plate 1	O24	H-NVLTLVYKV-OH	NA	1048.286	2.096572	Bl. 01-B01	6.622272911224752e-4	7.416945660571723e-6	3.0471584038694e-5	No	NA	NA	NA	NA	NA
A15B259	AP1901_E7_A2	33	72	76	89	-0.669624468543973	0.882067494601877	0.054498181975156	1	0	0.00156829605963073	0.00249693582819312	264	HLA-A02:01	QHD43415_1_orf1	YLTNDVSFL	A0201-Plate 2	K12	H-YLTNDVSFL-OH	OK	1071.19	2.14238	Bl. 01-H01	0.0012140833670578712	1.3597733711048157e-5	5.586457073760557e-5	No	NA	NA	NA	NA	NA
A14B252	AP1901_E7_A2	24	59	62	51	-0.671536737921967	0.917380386716215	0.0374505491745775	1	0	0.00114057895245872	0.00182019560297374	245	HLA-A02:01	QHD43416_1_S_lc	VLSFELLHA	A0201-Plate 2	I5	H-VLSFELLHA-OH	NA	1028.211	2.056422	Bl. 01-F06	8.829697214966336e-4	9.889260880762297e-6	4.062877871825885e-5	No	NA	NA	NA	NA	NA
A7B229	AP1901_E7_A2	51	121	114	132	-0.67299119060800106	0.882067494601877	0.054498181975156	1	0	0.00242373027397477	0.00386664956034938	66	HLA-A02:01	QHD43415_1_orf1	YMPYFFTLL	A0201-Plate 1	K6	H-YMPYFFTLL-OH	NA	1194.455	2.38891	Bl. 14-G08	0.0018763106581803466	2.1014679371619883e-5	8.633615477629972e-5	No	NA	NA	NA	NA	NA
A2B244	AP1901_E7_A2	49	112	101	143	-0.683229290994744	0.882067494601877	0.054498181975156	1	0	0.00232868202793654	0.00374082608552872	117	HLA-A02:01	QHD43419_1_M_lc	FVLAAVYRI	A0201-Plate 1	C21	H-FVLAAVYRI-OH	NA	1051.292	2.102584	Bl. 15-C11	0.0018027298480556271	2.0190574298223023e-5	8.295042321644469e-5	No	NA	NA	NA	NA	NA
A9B238	AP1901_E7_A2	46	108	127	104	-0.713542326652267	0.8621511473477	0.0644165895062659	1	0	0.0021861096588792	0.00358874827384946	183	HLA-A02:01	QHD43415_1_orf1	NLIDSYFVV	A0201-Plate 1	O15	H-NLIDSYFVV-OH	NA	1069.218	2.138436	Bl. 01-A04	0.0016923586328685479	1.8954416688127737e-5	7.787182587666235e-5	No	NA	NA	NA	NA	NA
A10B249	AP1901_E7_A2	24	59	67	56	-0.752924856154022	0.869470815496093	0.0607449908685366	1	0	0.00114057895245872	0.00192604448510574	194	HLA-A02:01	QHD43420_1_ORF6	QLDEEQPMEI	A0201-Plate 2	A2	H-QLDEEQPMEI-OH	NA	1231.341	2.462682	Bl. 01-B03	8.829697214966336e-4	9.889260880762297e-6	4.062877871825885e-5	No	NA	NA	NA	NA	NA
A30B257	AP1901_E7_A2	30	79	66	84	-0.75565147691	0.833686551220978	0.0789972043535446	1	0	0.00142572369057339	0.00240953897669383	238	HLA-A02:01	QHD43415_1_orf1	VLGSLAATV	A0201-Plate 2	G10	H-VLGSLAATV-OH	NA	829.9871	1.6599742	Bl. 01-E11	0.0011037121518707922	1.2361576100952873e-5	5.078597339782321e-5	No	NA	NA	NA	NA	NA
A1B247	AP1901_E7_A2	51	140	128	133	-0.80242950764349	0.792926440273969	0.100767100280001	1	0	0.00242373027397477	0.00423040979344033	108	HLA-A02:01	QHD43415_1_orf1	FLRDGWEIV	A0201-Plate 1	A24	H-FLRDGWEIV-OH	NA	1134.296	2.268592	Bl. 15-C02	0.0018763106581803466	2.1014679371619883e-5	8.633615477629972e-5	No	NA	NA	NA	NA	NA
A10B251	AP1901_E7_A2	33	80	97	82	-0.803252067416546	0.792926440273969	0.100767100280001	1	0	0.00156829605963073	0.00274097254730525	196	HLA-A02:01	QHD43415_1_orf1	QLSLPVLQV	A0201-Plate 2	A4	H-QLSLPVLQV-OH	NA	996.2102	1.9924204	Bl. 01-B05	0.0012140833670578712	1.3597733711048157e-5	5.586457073760557e-5	No	NA	NA	NA	NA	NA
A5B242	AP1901_E7_A2	33	79	92	89	-0.80645739077802	0.792926440273969	0.100767100280001	1	0	0.00156829605963073	0.00274656225080022	139	HLA-A02:01	QHD43415_1_orf1	ILTSLLVLV	A0201-Plate 1	G19	H-ILTSLLVLV-OH	NA	970.256	1.940512	Bl. 15-E09	0.0012140833670578712	1.3597733711048157e-5	5.586457073760557e-5	No	NA	NA	NA	NA	NA
A10B257	AP1901_E7_A2	32	80	97	79	-0.831337757694041	0.792926440273969	0.100767100280001	1	0	0.00152077193661162	0.00271048813116524	202	HLA-A02:01	QHD43416_1_S_lc	RLITGRLQSL	A0201-Plate 2	A10	H-RLITGRLQSL-OH	NA	1156.389	2.312778	Bl. 01-B11	0.0011772929619955116	1.318568117434973e-5	5.4171704957678245e-5	No	NA	NA	NA	NA	NA
A30B258	AP1901_E7_A2	37	109	86	108	-0.857332518123004	0.792926440273969	0.100767100280001	1	0	0.00175839255170719	0.00318855276140016	239	HLA-A02:01	QHD43415_1_orf1	VLLAPLLSA	A0201-Plate 2	G11	H-VLLAPLLSA-OH	NA	896.1331	1.7922662	Bl. 01-E12	0.0013612449873073103	1.5245943857841876e-5	6.263603385731562e-5	No	NA	NA	NA	NA	NA
A15B255	AP1901_E7_A2	21	68	47	61	-0.889008629806347	0.792926440273969	0.100767100280001	1	0	9.98006583401376e-4	0.00185117746814193	260	HLA-A02:01	QHD43415_1_orf1	YLITPVHV	A0201-Plate 2	K8	H-YLITPVHV-OH	NA	941.1332	1.8822664	Bl. 01-G09	7.725985063095545e-4	8.65310327066701e-6	3.555018137847636e-5	No	NA	NA	NA	NA	NA
A10B259	AP1901_E7_A2	49	123	158	137	-0.923854169804617	0.645279837921014	0.190251904420913	1	0	0.00232868202793654	0.00442282047115706	204	HLA-A02:01	QHD43415_1_orf1	RQLLFVVEV	A0201-Plate 2	A12	H-RQLLFVVEV-OH	NA	1102.337	2.204674	Bl. 01-C01	0.0018027298480556271	2.0190574298223023e-5	8.295042321644469e-5	No	NA	NA	NA	NA	NA
A5B236	AP1901_E7_A2	37	103	115	98	-0.924877262654883	0.688323092663356	0.162207659985663	1	0	0.00175839255170719	0.00334318439434739	133	HLA-A02:01	QHD43421_1_ORF7	ILFLALITL	A0201-Plate 1	G13	H-ILFLALITL-OH	NA	1016.328	2.032656	Bl. 15-E03	0.0013612449873073103	1.5245943857841876e-5	6.263603385731562e-5	No	NA	NA	NA	NA	NA
A8B241	AP1901_E7_A2	31	111	83	91	-1.02571109881593	0.606867288921204	0.216906271018151	1	0	0.00147324781359251	0.0030037809813337	174	HLA-A02:01	QHD43415_1_orf1	LLTLQQIEL	A0201-Plate 1	M18	H-LLTLQQIEL-OH	NA	1070.29	2.14058	Bl. 16-B10	0.0011405025569331518	1.27736286376513e-5	5.2478839177750904e-5	No	NA	NA	NA	NA	NA
A10B253	AP1901_E7_A2	29	85	102	81	-1.03931487388884	0.5992857575641	0.222366043486261	1	0	0.00137819956755428	0.00283834799182251	198	HLA-A02:01	QHD43415_1_orf1	RIMTWLDMV	A0201-Plate 2	A6	H-RIMTWLDMV-OH	NA	1164.453	2.328906	Bl. 01-B07	0.0010669217468084323	1.1949523564254443e-5	4.909310761789588e-5	No	NA	NA	NA	NA	NA
A30B254	AP1901_E7_A2	14	50	40	43	-1.07072949173325	0.688323092663356	0.162207659985663	1	0	6.65337722267584e-4	0.00140222941984878	235	HLA-A02:01	QHD43415_1_orf1	TLQPVSELL	A0201-Plate 2	G7	H-TLQPVSELL-OH	NA	999.1674	1.9983348	Bl. 01-E08	5.150656708730364e-4	5.768735513778007e-6	2.3700120918984237e-5	No	NA	NA	NA	NA	NA
A5B237	AP1901_E7_A2	38	115	131	121	-1.10086384863093	0.524147478043479	0.280546499487645	1	0	0.0018059166747263	0.00387902006869314	134	HLA-A02:01	QHD43415_1_orf1	ILFTRFFYV	A0201-Plate 1	G14	H-ILFTRFFYV-OH	NA	1205.46	2.41092	Bl. 15-E04	0.00139803539236967	1.5657996394540304e-5	6.432889963724295e-5	No	NA	NA	NA	NA	NA
A5B226	AP1901_E7_A2	38	134	123	131	-1.1781557278658	0.457545544216947	0.339565669646415	1	0	0.0018059166747263	0.00409205085385001	39	HLA-A02:01	QHD43420_1_ORF6	NLDYIINLI	A0201-Plate 1	G3	H-NLDYIINLI-OH	NA	1090.28	2.18056	Bl. 14-E05	0.00139803539236967	1.5657996394540304e-5	6.432889963724295e-5	No	NA	NA	NA	NA	NA
A5B243	AP1901_E7_A2	21	69	79	70	-1.20386196027903	0.484643995674608	0.314577163431242	1	0	9.98006583401376e-4	0.00230539553564644	140	HLA-A02:01	QHD43415_1_orf1	IVAGGIVAI	A0201-Plate 1	G20	H-IVAGGIVAI-OH	NA	812.0153	1.6240306	Bl. 15-E10	7.725985063095545e-4	8.65310327066701e-6	3.555018137847636e-5	No	NA	NA	NA	NA	NA
A1B239	AP1901_E7_A2	41	135	141	151	-1.20698923204195	0.457545544216947	0.339565669646415	1	0	0.00194848904378364	0.00450392885255162	100	HLA-A02:01	QHD43415_1_orf1	FLLNKEMYLKL	A0201-Plate 1	A16	H-FLLNKEMYLKL-OH	NA	1411.767	2.823534	Bl. 15-B06	0.0015084066075567492	1.689415400463559e-5	6.940749697702531e-5	No	NA	NA	NA	NA	NA
A10B248	AP1901_E7_A2	19	66	71	62	-1.21630175625415	0.484643995674608	0.314577163431242	1	0	9.02958337363149e-4	0.00210454008743607	193	HLA-A02:01	QHD43415_1_orf1	QINDMILSL	A0201-Plate 2	A1	H-QINDMILSL-OH	OK	1046.248	2.092496	Bl. 01-B02	6.99017696184835e-4	7.828998197270152e-6	3.216444981862144e-5	No	NA	NA	NA	NA	NA
A6B241	AP1901_E7_A2	28	89	98	107	-1.21766281523859	0.457545544216947	0.339565669646415	1	0	0.00133067544453517	0.00310050936324919	150	HLA-A02:01	QHD43419_1_M_lc	KLLEQWNLVI	A0201-Plate 1	I18	H-KLLEQWNLVI-OH	NA	1255.518	2.511036	Bl. 15-F08	0.0010301313417460727	1.1537471027556015e-5	4.740024183796855e-5	No	NA	NA	NA	NA	NA
A2B243	AP1901_E7_A2	46	165	153	165	-1.21860045791053	0.457545544216947	0.339565669646415	1	0	0.0021861096588792	0.00509326148175341	116	HLA-A02:01	QHD43415_1_orf1	FVLWAHGFEL	A0201-Plate 1	C20	H-FVLWAHGFEL-OH	NA	1218.416	2.436832	Bl. 15-C10	0.0016923586328685479	1.8954416688127737e-5	7.787182587666235e-5	No	NA	NA	NA	NA	NA
A14B259	AP1901_E7_A2	20	62	82	74	-1.27403058146351	0.457545544216947	0.339565669646415	1	0	9.50482460382263e-4	0.00230557278444093	252	HLA-A02:01	QHD43416_1_S_lc	VTWFHAIHV	A0201-Plate 2	I12	H-VTWFHAIHV-OH	NA	1109.291	2.218582	Bl. 01-G01	7.358081012471948e-4	8.241050733968582e-6	3.385731559854892e-5	No	NA	NA	NA	NA	NA
A9B234	AP1901_E7_A2	9	41	28	30	-1.27838862512259	0.5992857575641	0.222366043486261	1	0	4.27717107172018e-4	0.00104353892028781	95	HLA-A02:01	QHD43415_1_orf1	FLAHIQWMV	A0201-Plate 1	O11	H-FLAHIQWMV-OH	NA	1144.401	2.288802	Bl. 15-B01	3.311136455612376e-4	3.7084728302858614e-6	1.5235792019347e-5	No	NA	NA	NA	NA	NA
A10B256	AP1901_E7_A2	38	147	147	121	-1.27950294371856	0.450015343160148	0.346772678810897	1	0	0.0018059166747263	0.0043911234646266	201	HLA-A02:01	QHD43415_1_orf1	RLIDAMMFT	A0201-Plate 2	A9	H-RLIDAMMFT-OH	NA	1097.363	2.194726	Bl. 01-B10	0.00139803539236967	1.5657996394540304e-5	6.432889963724295e-5	No	NA	NA	NA	NA	NA
A7B224	AP1901_E7_A2	34	134	102	138	-1.28106064495432	0.450015343160148	0.346772678810897	1	0	0.00161582018264985	0.00393200676620231	61	HLA-A02:01	QHD43416_1_S_lc	VVFLHVTYV	A0201-Plate 1	K1	H-VVFLHVTYV-OH	NA	1076.299	2.152598	Bl. 14-G03	0.001250873772120231	1.4009786247746587e-5	5.7557436517533266e-5	No	NA	NA	NA	NA	NA
A16B255	AP1901_E7_A2	15	63	45	62	-1.32119422556349	0.457545544216947	0.339565669646415	1	0	7.12861845286697e-4	0.00178682693676386	272	HLA-A02:01	QHD43415_1_orf1	YVWKSYVHV	A0201-Plate 2	M8	H-YVWKSYVHV-OH	NA	1180.367	2.360734	Bl. 01-H09	5.518560759353961e-4	6.180788050476436e-6	2.5392986698911683e-5	No	NA	NA	NA	NA	NA
A2B237	AP1901_E7_A2	30	114	94	132	-1.32322338363827	0.4410581083508	0.355504189503519	1	0	0.00142572369057339	0.00357298992022335	110	HLA-A02:01	QHD43422_1_ORF8	FLVFLGIITTV	A0201-Plate 1	C14	H-FLVFLGIITTV-OH	NA	1222.529	2.445058	Bl. 15-C04	0.0011037121518707922	1.2361576100952873e-5	5.078597339782321e-5	No	NA	NA	NA	NA	NA
A9B240	AP1901_E7_A2	23	86	90	87	-1.34185234692974	0.450015343160148	0.346772678810897	1	0	0.0010930548294396	0.00277771625047879	185	HLA-A02:01	QHD43417_1_ORF3	NLLLLFVTV	A0201-Plate 1	O17	H-NLLLLFVTV-OH	NA	1031.299	2.062598	Bl. 01-A06	8.461793164342739e-4	9.477208344063868e-6	3.893591293833117e-5	No	NA	NA	NA	NA	NA
A12B259	AP1901_E7_A2	23	96	87	87	-1.37880826751842	0.4410581083508	0.355504189503519	1	0	0.0010930548294396	0.00284968212667014	228	HLA-A02:01	QHD43415_1_orf1	SVVLLSVLQQL	A0201-Plate 2	E12	H-SVVLLSVLQQL-OH	NA	1198.464	2.396928	Bl. 01-E01	8.461793164342739e-4	9.477208344063868e-6	3.893591293833117e-5	No	NA	NA	NA	NA	NA
A1B242	AP1901_E7_A2	31	123	117	130	-1.40201395037899	0.396061677054733	0.402237177915939	1	0	0.00147324781359251	0.00390034968726135	103	HLA-A02:01	QHD43418_1_E_lc	FLLVTLAIL	A0201-Plate 1	A19	H-FLLVTLAIL-OH	NA	1002.301	2.004602	Bl. 15-B09	0.0011405025569331518	1.27736286376513e-5	5.2478839177750904e-5	No	NA	NA	NA	NA	NA
A17B248	AP1901_E7_A2	6	25	22	26	-1.41793201206516	0.5992857575641	0.222366043486261	1	0	2.85144738114679e-4	7.68857942893865e-4	277	HLA-A02:01	QHD43422_1_ORF8	YIDIGNYTV	A0201-Plate 2	O1	H-YIDIGNYTV-OH	NA	1057.163	2.114326	Bl. 08-B09	2.207424303741584e-4	2.472315220190574e-6	1.0157194679564678e-5	No	NA	NA	NA	NA	NA
A2B225	AP1901_E7_A2	26	108	104	108	-1.446904495986	0.388392497219892	0.41072916817565	1	0	0.00123562719849694	0.00337620316130229	14	HLA-A02:01	QHD43415_1_orf1	SLSHRFYRL	A0201-Plate 1	C2	H-SLSHRFYRL-OH	NA	1178.354	2.356708	Bl. 14-C04	9.565505316213532e-4	1.0713365954159156e-5	4.401451027811353e-5	No	NA	NA	NA	NA	NA
A6B234	AP1901_E7_A2	28	116	115	143	-1.56200883009723	0.304310194397433	0.51668349852454	1	0	0.00133067544453517	0.0039369386625772	59	HLA-A02:01	QHD43417_1_ORF3	TVYSHLLLV	A0201-Plate 1	I11	H-TVYSHLLLV-OH	NA	1044.254	2.088508	Bl. 14-G01	0.0010301313417460727	1.1537471027556015e-5	4.740024183796855e-5	No	NA	NA	NA	NA	NA
A9B229	AP1901_E7_A2	19	92	79	87	-1.58614067485821	0.335077344262061	0.474854935323774	1	0	9.02958337363149e-4	0.00271961937590006	90	HLA-A02:01	QHD43420_1_ORF6	FHLVDFQVTI	A0201-Plate 1	O6	H-FHLVDFQVTI-OH	NA	1218.413	2.436826	Bl. 15-A08	6.99017696184835e-4	7.828998197270152e-6	3.216444981862144e-5	No	NA	NA	NA	NA	NA
A8B239	AP1901_E7_A2	28	126	145	134	-1.68224205806181	0.23573291853062	0.627579766911569	1	0	0.00133067544453517	0.00428072533487969	172	HLA-A02:01	QHD43415_1_orf1	LLLTILTSL	A0201-Plate 1	M16	H-LLLTILTSL-OH	NA	986.2554	1.9725108	Bl. 16-B08	0.0010301313417460727	1.1537471027556015e-5	4.740024183796855e-5	No	NA	NA	NA	NA	NA
A30B248	AP1901_E7_A2	11	54	54	52	-1.6840816633507	0.359619064088266	0.444157293554831	1	0	5.22765353210244e-4	0.00168979524531727	229	HLA-A02:01	QHD43420_1_ORF6	TIAEILLII	A0201-Plate 2	G1	H-TIAEILLII-OH	NA	998.2664	1.9965328	Bl. 01-E02	4.046944556859571e-4	4.532577903682719e-6	1.8621523579201882e-5	No	NA	NA	NA	NA	NA
A6B231	AP1901_E7_A2	23	123	96	117	-1.69047348567605	0.23573291853062	0.627579766911569	1	0	0.0010930548294396	0.00353707615868027	56	HLA-A02:01	QHD43418_1_E_lc	IVNSVLLFL	A0201-Plate 1	I8	H-IVNSVLLFL-OH	NA	1017.272	2.034544	Bl. 14-F10	8.461793164342739e-4	9.477208344063868e-6	3.893591293833117e-5	No	NA	NA	NA	NA	NA
A14B248	AP1901_E7_A2	5	49	38	32	-2.3826198058282	0.184461043115228	0.734095339784189	1	0	2.37620615095566e-4	0.0012579375396429	241	HLA-A02:01	QHD43415_1_orf1	VLLSVLQQL	A0201-Plate 2	I1	H-VLLSVLQQL-OH	OK	1012.253	2.024506	Bl. 01-F02	1.839520253117987e-4	2.0602626834921455e-6	8.464328899637237e-6	No	NA	NA	NA	NA	NA
NA	Total counts	27181	NA	NA	NA	NA	NA	NA	NA	Sum count.norm.	0.3144195978944531	NA	NA	NA	NA	NA	NA	NA	NA	NA	NA	NA	NA	NA	NA	NA	NA	NA	NA	NA	NA	NA
